url,family,state_slug,record_id,index_status,canonical,in_sitemap,title,title_length,description,description_length,h1,h1_count,internal_links_out,internal_links_in,click_depth_from_home,is_orphan,word_count,source_count,completeness_pct,last_verified,priority_tier
/,home,,,index,https://mygridpermit.com/,true,GridPermit - Solar Permit Guides for U.S. Cities (All 50 States),64,"Search verified, source-linked solar permit guides for U.S. cities. Research on file for all 50 states — deepest coverage in California.",136,Find Solar Permit Information for Your City,1,15,437,0,false,883,,,,1
/about/,static,,,index,https://mygridpermit.com/about/,true,About Us - GridPermit,21,"Learn about GridPermit, an independent educational resource for U.S. solar permitting research, with a California-only savings calculator.",138,About GridPermit,1,8,429,1,false,296,,,,3
/alabama/,static,,,index,https://mygridpermit.com/alabama/,true,Alabama Solar Permit Guides by City | GridPermit,48,"Source-linked, confidence-scored solar permitting guides by Alabama city: permit authority, required documents, fees, and eligibility.",134,Alabama Solar Permit Guides,1,15,2,2,false,250,,,,3
/alabama/birmingham/solar-permit-guide/,static,,,index,https://mygridpermit.com/alabama/birmingham/solar-permit-guide/,true,"Birmingham, AL Solar Permit Guide | GridPermit",46,"Birmingham, AL solar permit facts: permit authority, utility, fees, and inspection steps — sourced and confidence-scored. Verified 2026-08-14.",142,Birmingham Solar Permit Guide,1,19,1,3,false,1650,,,,3
/alaska/,static,,,index,https://mygridpermit.com/alaska/,true,Alaska Solar Permit Guides by City | GridPermit,47,"Source-linked, confidence-scored solar permitting guides by Alaska city: permit authority, required documents, fees, and eligibility.",133,Alaska Solar Permit Guides,1,15,2,2,false,252,,,,3
/alaska/anchorage/solar-permit-guide/,static,,,index,https://mygridpermit.com/alaska/anchorage/solar-permit-guide/,true,"Anchorage, AK Solar Permit Guide | GridPermit",45,"Anchorage, AK solar permit facts: permit authority, utility, fees, and inspection steps — sourced and confidence-scored. Verified 2026-08-14.",141,Anchorage Solar Permit Guide,1,19,1,3,false,1777,,,,3
/arizona/,state-hub,arizona,,index,https://mygridpermit.com/arizona/,true,Arizona Solar Permit Guides by City | GridPermit,48,"Source-linked, confidence-scored solar permitting guides by Arizona city: permit authority, required documents, fees, and eligibility.",134,Arizona Solar Permit Guides,1,16,3,2,false,276,,,,2
/arizona/phoenix/solar-permit-guide/,locality-guide,arizona,az-maricopa-phoenix-aps,index,https://mygridpermit.com/arizona/phoenix/solar-permit-guide/,true,"Phoenix, AZ Solar Permit Guide | GridPermit",43,"Phoenix, AZ solar permit facts: permit authority, utility, fees, and inspection steps — sourced and confidence-scored. Verified 2026-08-13.",139,Phoenix Solar Permit Guide,1,19,1,3,false,1152,3,86.7,2026-08-13,1
/arizona/tucson/solar-permit-guide/,locality-guide,arizona,az-pima-tucson-tep,index,https://mygridpermit.com/arizona/tucson/solar-permit-guide/,true,"Tucson, AZ Solar Permit Guide | GridPermit",42,"Tucson, AZ solar permit facts: permit authority, utility, fees, and inspection steps — sourced and confidence-scored. Verified 2026-08-13.",138,Tucson Solar Permit Guide,1,19,1,3,false,1335,4,86.7,2026-08-13,1
/arkansas/,static,,,index,https://mygridpermit.com/arkansas/,true,Arkansas Solar Permit Guides by City | GridPermit,49,"Source-linked, confidence-scored solar permitting guides by Arkansas city: permit authority, required documents, fees, and eligibility.",135,Arkansas Solar Permit Guides,1,15,2,2,false,251,,,,3
/arkansas/little-rock/solar-permit-guide/,static,,,index,https://mygridpermit.com/arkansas/little-rock/solar-permit-guide/,true,"Little Rock, AR Solar Permit Guide | GridPermit",47,"Little Rock, AR solar permit facts: permit authority, utility, fees, and inspection steps — sourced and confidence-scored. Verified 2026-08-14.",143,Little Rock Solar Permit Guide,1,19,1,3,false,1584,,,,3
/blog/,blog-index,,,index,https://mygridpermit.com/blog/,true,Solar & Battery Guides Blog | GridPermit,40,"California-focused solar, battery, and utility rate guides — PG&E, SCE, and SDG&E rate analysis, NEM 3.0 payback math, and SGIP rebate breakdowns.",146,Solar & Battery Guides,1,21,435,1,false,511,,,,2
/blog/pge-nem3-calculator/,blog-post,,,index,https://mygridpermit.com/blog/pge-nem3-calculator/,true,PG&E NEM 3.0 Solar Payback Calculator & Rules (2026 Guide),58,How Pacific Gas & Electric (PG&E) customers can navigate NEM 3.0 export rate cuts and optimize battery storage for maximum payback.,131,PG&E NEM 3.0 Solar Payback Calculator & Rules (2026 Guide),1,18,139,2,false,402,,,,2
/blog/pge-rate-hikes-2026/,blog-post,,,index,https://mygridpermit.com/blog/pge-rate-hikes-2026/,true,PG&E Rate Hike Audit 2026: Solar & Battery Protection Analysis,62,Analysis of Pacific Gas & Electric (PG&E) electricity rate increases and how home battery storage offsets E-ELEC peak pricing.,126,PG&E Rate Hikes in 2026: Impact Analysis for Northern California Solar Owners,1,9,139,2,false,297,,,,2
/blog/sce-guide/,blog-post,,,index,https://mygridpermit.com/blog/sce-guide/,true,SCE NEM 3.0 Guide: Why Battery Storage Now Drives Solar Payback,63,"How Southern California Edison (SCE) customers are affected by NEM 3.0 export-rate cuts, and why battery storage has become central to solar payback math.",154,SCE NEM 3.0 Guide: Why Battery Storage Now Drives Solar Payback,1,18,105,2,false,450,,,,2
/blog/sdge-battery-roi-guide/,blog-post,,,index,https://mygridpermit.com/blog/sdge-battery-roi-guide/,true,SDG&E Battery Storage ROI Guide 2026: Rates & Economics,55,San Diego Gas & Electric (SDG&E) battery payback breakdown under NEM 3.0 rules and EV-TOU-5 rate schedules.,107,San Diego Solar & Battery Economics: SDG&E Rate Analysis (2026),1,9,22,2,false,240,,,,2
/blog/sdge-guide/,blog-post,,,index,https://mygridpermit.com/blog/sdge-guide/,true,SDG&E Electricity Rates & NEM 3.0 Analysis: The Complete 2026 Guide,67,SDG&E has some of the highest electricity rates in the continental U.S. — an audit of NEM 3.0 tariffs and battery payback math.,127,SDG&E Electricity Rates & NEM 3.0 Analysis: The Complete 2026 Guide,1,18,22,2,false,383,,,,2
/blog/sgip-battery-rebates-california/,blog-post,,,index,https://mygridpermit.com/blog/sgip-battery-rebates-california/,true,California SGIP Battery Rebates 2026: How to Cover Up to 80% of Storage Costs,77,Learn if your household qualifies for Self-Generation Incentive Program (SGIP) high-equity or medical baseline rebates in California.,133,California SGIP Battery Rebates 2026: How to Cover Up to 80% of Storage Costs,1,18,343,2,false,369,,,,2
/blog/solar-battery-payback-nem3/,blog-post,,,index,https://mygridpermit.com/blog/solar-battery-payback-nem3/,true,California NEM 3.0 Solar & Battery Payback Guide (2026 Audit),61,"Comprehensive guide to California Net Billing Tariff (NEM 3.0), avoided cost rates, TOU arbitrage, and battery ROI.",115,The California NEM 3.0 Solar & Battery Payback Guide (2026),1,8,79,2,false,258,,,,2
/blog/tesla-powerwall-3-vs-enphase-iq5p/,blog-post,,,index,https://mygridpermit.com/blog/tesla-powerwall-3-vs-enphase-iq5p/,true,Tesla Powerwall 3 vs. Enphase IQ Battery 5P: Which Has Better ROI in 2026?,74,A head-to-head financial and technical comparison of the two dominant home batteries under NEM 3.0 rules.,105,Tesla Powerwall 3 vs. Enphase IQ Battery 5P: Which Has Better ROI in 2026?,1,17,183,2,false,355,,,,2
/california/,california-hub,,,index,https://mygridpermit.com/california/,true,California Solar Permit Guide | GridPermit,42,"How California residential solar permitting works: permit authority vs. utility interconnection, SolarAPP+, inspections, and batteries — plus city guides.",154,California Solar Permit Guide,1,43,319,1,false,1303,,,,1
/california/alameda/solar-permit-guide/,locality-guide,california,ca-alameda-alameda-amp,index,https://mygridpermit.com/california/alameda/solar-permit-guide/,true,"Alameda, CA Solar Permit Guide | GridPermit",43,"Alameda, CA solar permit facts: permit authority, utility, fees, and inspection steps — sourced and confidence-scored. Verified 2026-08-02.",139,Alameda Solar Permit Guide,1,27,14,2,false,1193,3,86.7,2026-08-02,1
/california/albany/solar-permit-guide/,locality-guide,california,ca-alameda-albany-pge,index,https://mygridpermit.com/california/albany/solar-permit-guide/,true,"Albany, CA Solar Permit Guide | GridPermit",42,"Albany, CA solar permit facts: permit authority, utility, fees, and inspection steps — sourced and confidence-scored. Verified 2026-08-09.",138,Albany Solar Permit Guide,1,28,66,2,false,1290,5,86.7,2026-08-09,1
/california/alhambra/solar-permit-guide/,locality-guide,california,ca-los-angeles-alhambra-sce,index,https://mygridpermit.com/california/alhambra/solar-permit-guide/,true,"Alhambra, CA Solar Permit Guide | GridPermit",44,"Alhambra, CA solar permit facts: permit authority, utility, fees, and inspection steps — sourced and confidence-scored. Verified 2026-08-11.",140,Alhambra Solar Permit Guide,1,28,51,2,false,1205,8,80,2026-08-11,1
/california/aliso-viejo/solar-permit-guide/,locality-guide,california,ca-orange-aliso-viejo-sce,index,https://mygridpermit.com/california/aliso-viejo/solar-permit-guide/,true,"Aliso Viejo, CA Solar Permit Guide | GridPermit",47,"Aliso Viejo, CA solar permit facts: permit authority, utility, fees, and inspection steps — sourced and confidence-scored. Verified 2026-08-08.",143,Aliso Viejo Solar Permit Guide,1,28,35,2,false,1126,5,80,2026-08-08,1
/california/american-canyon/solar-permit-guide/,locality-guide,california,ca-napa-american-canyon-pge,index,https://mygridpermit.com/california/american-canyon/solar-permit-guide/,true,"American Canyon, CA Solar Permit Guide | GridPermit",51,"American Canyon, CA solar permit facts: permit authority, utility, fees, and inspection steps — sourced and confidence-scored. Verified 2026-08-09.",147,American Canyon Solar Permit Guide,1,28,46,2,false,1114,5,80,2026-08-09,1
/california/anaheim/solar-permit-guide/,locality-guide,california,ca-orange-anaheim-apu,index,https://mygridpermit.com/california/anaheim/solar-permit-guide/,true,"Anaheim, CA Solar Permit Guide | GridPermit",43,"Anaheim, CA solar permit facts: permit authority, utility, fees, and inspection steps — sourced and confidence-scored. Verified 2026-08-09.",139,Anaheim Solar Permit Guide,1,27,29,2,false,1084,2,80,2026-08-09,1
/california/antioch/solar-permit-guide/,locality-guide,california,ca-contra-costa-antioch-pge,index,https://mygridpermit.com/california/antioch/solar-permit-guide/,true,"Antioch, CA Solar Permit Guide | GridPermit",43,"Antioch, CA solar permit facts: permit authority, utility, fees, and inspection steps — sourced and confidence-scored. Verified 2026-08-08.",139,Antioch Solar Permit Guide,1,28,56,2,false,940,2,80,2026-08-08,1
/california/apple-valley/solar-permit-guide/,locality-guide,california,ca-san-bernardino-apple-valley-sce,index,https://mygridpermit.com/california/apple-valley/solar-permit-guide/,true,"Apple Valley, CA Solar Permit Guide | GridPermit",48,"Apple Valley, CA solar permit facts: permit authority, utility, fees, and inspection steps — sourced and confidence-scored. Verified 2026-08-11.",144,Apple Valley Solar Permit Guide,1,28,20,2,false,1221,6,80,2026-08-11,1
/california/arcadia/solar-permit-guide/,locality-guide,california,ca-los-angeles-arcadia-sce,index,https://mygridpermit.com/california/arcadia/solar-permit-guide/,true,"Arcadia, CA Solar Permit Guide | GridPermit",43,"Arcadia, CA solar permit facts: permit authority, utility, fees, and inspection steps — sourced and confidence-scored. Verified 2026-08-09.",139,Arcadia Solar Permit Guide,1,28,49,2,false,1139,5,80,2026-08-09,1
/california/arroyo-grande/solar-permit-guide/,locality-guide,california,ca-san-luis-obispo-arroyo-grande-pge,index,https://mygridpermit.com/california/arroyo-grande/solar-permit-guide/,true,"Arroyo Grande, CA Solar Permit Guide | GridPermit",49,"Arroyo Grande, CA solar permit facts: permit authority, utility, fees, and inspection steps — sourced and confidence-scored. Verified 2026-08-09.",145,Arroyo Grande Solar Permit Guide,1,28,37,2,false,1061,6,80,2026-08-09,1
/california/arvin/solar-permit-guide/,locality-guide,california,ca-kern-arvin-pge,index,https://mygridpermit.com/california/arvin/solar-permit-guide/,true,"Arvin, CA Solar Permit Guide | GridPermit",41,"Arvin, CA solar permit facts: permit authority, utility, fees, and inspection steps — sourced and confidence-scored. Verified 2026-08-09.",137,Arvin Solar Permit Guide,1,28,18,2,false,1080,3,80,2026-08-09,1
/california/atascadero/solar-permit-guide/,locality-guide,california,ca-san-luis-obispo-atascadero-pge,index,https://mygridpermit.com/california/atascadero/solar-permit-guide/,true,"Atascadero, CA Solar Permit Guide | GridPermit",46,"Atascadero, CA solar permit facts: permit authority, utility, fees, and inspection steps — sourced and confidence-scored. Verified 2026-08-09.",142,Atascadero Solar Permit Guide,1,28,12,2,false,994,3,80,2026-08-09,1
/california/atherton/solar-permit-guide/,locality-guide,california,ca-san-mateo-atherton-pge,index,https://mygridpermit.com/california/atherton/solar-permit-guide/,true,"Atherton, CA Solar Permit Guide | GridPermit",44,"Atherton, CA solar permit facts: permit authority, utility, fees, and inspection steps — sourced and confidence-scored. Verified 2026-08-09.",140,Atherton Solar Permit Guide,1,28,17,2,false,1033,4,80,2026-08-09,1
/california/atwater/solar-permit-guide/,locality-guide,california,ca-merced-atwater-pge,index,https://mygridpermit.com/california/atwater/solar-permit-guide/,true,"Atwater, CA Solar Permit Guide | GridPermit",43,"Atwater, CA solar permit facts: permit authority, utility, fees, and inspection steps — sourced and confidence-scored. Verified 2026-08-11.",139,Atwater Solar Permit Guide,1,27,4,2,false,1261,5,86.7,2026-08-11,1
/california/auburn/solar-permit-guide/,locality-guide,california,ca-placer-auburn-pge,index,https://mygridpermit.com/california/auburn/solar-permit-guide/,true,"Auburn, CA Solar Permit Guide | GridPermit",42,"Auburn, CA solar permit facts: permit authority, utility, fees, and inspection steps — sourced and confidence-scored. Verified 2026-08-09.",138,Auburn Solar Permit Guide,1,27,5,2,false,1265,5,86.7,2026-08-09,1
/california/azusa/solar-permit-guide/,locality-guide,california,ca-los-angeles-azusa-alw,index,https://mygridpermit.com/california/azusa/solar-permit-guide/,true,"Azusa, CA Solar Permit Guide | GridPermit",41,"Azusa, CA solar permit facts: permit authority, utility, fees, and inspection steps — sourced and confidence-scored. Verified 2026-08-11.",137,Azusa Solar Permit Guide,1,27,45,2,false,1284,3,80,2026-08-11,1
/california/bakersfield/solar-permit-guide/,locality-guide,california,ca-kern-bakersfield-pge,index,https://mygridpermit.com/california/bakersfield/solar-permit-guide/,true,"Bakersfield, CA Solar Permit Guide | GridPermit",47,"Bakersfield, CA solar permit facts: permit authority, utility, fees, and inspection steps — sourced and confidence-scored. Verified 2026-08-10.",143,Bakersfield Solar Permit Guide,1,28,7,2,false,1282,4,86.7,2026-08-10,1
/california/baldwin-park/solar-permit-guide/,locality-guide,california,ca-los-angeles-baldwin-park-sce,index,https://mygridpermit.com/california/baldwin-park/solar-permit-guide/,true,"Baldwin Park, CA Solar Permit Guide | GridPermit",48,"Baldwin Park, CA solar permit facts: permit authority, utility, fees, and inspection steps — sourced and confidence-scored. Verified 2026-08-05.",144,Baldwin Park Solar Permit Guide,1,28,46,2,false,1304,8,80,2026-08-05,1
/california/banning/solar-permit-guide/,locality-guide,california,ca-riverside-banning-beu,index,https://mygridpermit.com/california/banning/solar-permit-guide/,true,"Banning, CA Solar Permit Guide | GridPermit",43,"Banning, CA solar permit facts: permit authority, utility, fees, and inspection steps — sourced and confidence-scored. Verified 2026-08-11.",139,Banning Solar Permit Guide,1,27,15,2,false,1433,3,86.7,2026-08-11,1
/california/barstow/solar-permit-guide/,locality-guide,california,ca-san-bernardino-barstow-sce,index,https://mygridpermit.com/california/barstow/solar-permit-guide/,true,"Barstow, CA Solar Permit Guide | GridPermit",43,"Barstow, CA solar permit facts: permit authority, utility, fees, and inspection steps — sourced and confidence-scored. Verified 2026-08-08.",139,Barstow Solar Permit Guide,1,28,19,2,false,1158,5,80,2026-08-08,1
/california/beaumont/solar-permit-guide/,locality-guide,california,ca-riverside-beaumont-sce,index,https://mygridpermit.com/california/beaumont/solar-permit-guide/,true,"Beaumont, CA Solar Permit Guide | GridPermit",44,"Beaumont, CA solar permit facts: permit authority, utility, fees, and inspection steps — sourced and confidence-scored. Verified 2026-08-08.",140,Beaumont Solar Permit Guide,1,28,17,2,false,1111,5,80,2026-08-08,1
/california/belmont/solar-permit-guide/,locality-guide,california,ca-san-mateo-belmont-pge,index,https://mygridpermit.com/california/belmont/solar-permit-guide/,true,"Belmont, CA Solar Permit Guide | GridPermit",43,"Belmont, CA solar permit facts: permit authority, utility, fees, and inspection steps — sourced and confidence-scored. Verified 2026-08-09.",139,Belmont Solar Permit Guide,1,28,18,2,false,1165,4,80,2026-08-09,1
/california/benicia/solar-permit-guide/,locality-guide,california,ca-solano-benicia-pge,index,https://mygridpermit.com/california/benicia/solar-permit-guide/,true,"Benicia, CA Solar Permit Guide | GridPermit",43,"Benicia, CA solar permit facts: permit authority, utility, fees, and inspection steps — sourced and confidence-scored. Verified 2026-08-09.",139,Benicia Solar Permit Guide,1,28,8,2,false,1069,4,80,2026-08-09,1
/california/berkeley/solar-permit-guide/,locality-guide,california,ca-alameda-berkeley-pge,index,https://mygridpermit.com/california/berkeley/solar-permit-guide/,true,"Berkeley, CA Solar Permit Guide | GridPermit",44,"Berkeley, CA solar permit facts: permit authority, utility, fees, and inspection steps — sourced and confidence-scored. Verified 2026-08-09.",140,Berkeley Solar Permit Guide,1,28,15,2,false,1671,8,86.7,2026-08-09,1
/california/beverly-hills/solar-permit-guide/,locality-guide,california,ca-los-angeles-beverly-hills-sce,index,https://mygridpermit.com/california/beverly-hills/solar-permit-guide/,true,"Beverly Hills, CA Solar Permit Guide | GridPermit",49,"Beverly Hills, CA solar permit facts: permit authority, utility, fees, and inspection steps — sourced and confidence-scored. Verified 2026-08-06.",145,Beverly Hills Solar Permit Guide,1,28,46,2,false,1251,6,80,2026-08-06,1
/california/brea/solar-permit-guide/,locality-guide,california,ca-orange-brea-sce,index,https://mygridpermit.com/california/brea/solar-permit-guide/,true,"Brea, CA Solar Permit Guide | GridPermit",40,"Brea, CA solar permit facts: permit authority, utility, fees, and inspection steps — sourced and confidence-scored. Verified 2026-08-05.",136,Brea Solar Permit Guide,1,28,30,2,false,1080,5,80,2026-08-05,1
/california/brentwood/solar-permit-guide/,locality-guide,california,ca-contra-costa-brentwood-pge,index,https://mygridpermit.com/california/brentwood/solar-permit-guide/,true,"Brentwood, CA Solar Permit Guide | GridPermit",45,"Brentwood, CA solar permit facts: permit authority, utility, fees, and inspection steps — sourced and confidence-scored. Verified 2026-08-09.",141,Brentwood Solar Permit Guide,1,28,20,2,false,1177,3,80,2026-08-09,1
/california/buena-park/solar-permit-guide/,locality-guide,california,ca-orange-buena-park-sce,index,https://mygridpermit.com/california/buena-park/solar-permit-guide/,true,"Buena Park, CA Solar Permit Guide | GridPermit",46,"Buena Park, CA solar permit facts: permit authority, utility, fees, and inspection steps — sourced and confidence-scored. Verified 2026-08-06.",142,Buena Park Solar Permit Guide,1,28,30,2,false,1385,7,80,2026-08-06,1
/california/burbank/solar-permit-guide/,locality-guide,california,ca-los-angeles-burbank-bwp,index,https://mygridpermit.com/california/burbank/solar-permit-guide/,true,"Burbank, CA Solar Permit Guide | GridPermit",43,"Burbank, CA solar permit facts: permit authority, utility, fees, and inspection steps — sourced and confidence-scored. Verified 2026-08-09.",139,Burbank Solar Permit Guide,1,27,45,2,false,1276,3,80,2026-08-09,1
/california/burlingame/solar-permit-guide/,locality-guide,california,ca-san-mateo-burlingame-pge,index,https://mygridpermit.com/california/burlingame/solar-permit-guide/,true,"Burlingame, CA Solar Permit Guide | GridPermit",46,"Burlingame, CA solar permit facts: permit authority, utility, fees, and inspection steps — sourced and confidence-scored. Verified 2026-08-05.",142,Burlingame Solar Permit Guide,1,28,17,2,false,1346,8,80,2026-08-05,1
/california/camarillo/solar-permit-guide/,locality-guide,california,ca-ventura-camarillo-sce,index,https://mygridpermit.com/california/camarillo/solar-permit-guide/,true,"Camarillo, CA Solar Permit Guide | GridPermit",45,"Camarillo, CA solar permit facts: permit authority, utility, fees, and inspection steps — sourced and confidence-scored. Verified 2026-08-09.",141,Camarillo Solar Permit Guide,1,28,11,2,false,1049,4,80,2026-08-09,1
/california/campbell/solar-permit-guide/,locality-guide,california,ca-santa-clara-campbell-pge,index,https://mygridpermit.com/california/campbell/solar-permit-guide/,true,"Campbell, CA Solar Permit Guide | GridPermit",44,"Campbell, CA solar permit facts: permit authority, utility, fees, and inspection steps — sourced and confidence-scored. Verified 2026-08-09.",140,Campbell Solar Permit Guide,1,28,15,2,false,1094,4,80,2026-08-09,1
/california/capitola/solar-permit-guide/,locality-guide,california,ca-santa-cruz-capitola-pge,index,https://mygridpermit.com/california/capitola/solar-permit-guide/,true,"Capitola, CA Solar Permit Guide | GridPermit",44,"Capitola, CA solar permit facts: permit authority, utility, fees, and inspection steps — sourced and confidence-scored. Verified 2026-08-09.",140,Capitola Solar Permit Guide,1,28,6,2,false,1071,3,80,2026-08-09,1
/california/carlsbad/solar-permit-guide/,locality-guide,california,ca-san-diego-carlsbad-sdge,index,https://mygridpermit.com/california/carlsbad/solar-permit-guide/,true,"Carlsbad, CA Solar Permit Guide | GridPermit",44,"Carlsbad, CA solar permit facts: permit authority, utility, fees, and inspection steps — sourced and confidence-scored. Verified 2026-08-09.",140,Carlsbad Solar Permit Guide,1,28,20,2,false,1163,4,80,2026-08-09,1
/california/carmel-by-the-sea/solar-permit-guide/,locality-guide,california,ca-monterey-carmel-by-the-sea-pge,index,https://mygridpermit.com/california/carmel-by-the-sea/solar-permit-guide/,true,"Carmel-by-the-Sea, CA Solar Permit Guide | GridPermit",53,"Carmel-by-the-Sea, CA solar permit facts: permit authority, utility, fees, and inspection steps — sourced and confidence-scored. Verified 2026-08-09.",149,Carmel-by-the-Sea Solar Permit Guide,1,28,11,2,false,1080,4,80,2026-08-09,1
/california/carpinteria/solar-permit-guide/,locality-guide,california,ca-santa-barbara-carpinteria-sce,index,https://mygridpermit.com/california/carpinteria/solar-permit-guide/,true,"Carpinteria, CA Solar Permit Guide | GridPermit",47,"Carpinteria, CA solar permit facts: permit authority, utility, fees, and inspection steps — sourced and confidence-scored. Verified 2026-08-09.",143,Carpinteria Solar Permit Guide,1,28,7,2,false,1064,4,80,2026-08-09,1
/california/carson/solar-permit-guide/,locality-guide,california,ca-los-angeles-carson-sce,index,https://mygridpermit.com/california/carson/solar-permit-guide/,true,"Carson, CA Solar Permit Guide | GridPermit",42,"Carson, CA solar permit facts: permit authority, utility, fees, and inspection steps — sourced and confidence-scored. Verified 2026-08-09.",138,Carson Solar Permit Guide,1,28,9,2,false,1143,6,80,2026-08-09,1
/california/ceres/solar-permit-guide/,locality-guide,california,ca-stanislaus-ceres-pge,index,https://mygridpermit.com/california/ceres/solar-permit-guide/,true,"Ceres, CA Solar Permit Guide | GridPermit",41,"Ceres, CA solar permit facts: permit authority, utility, fees, and inspection steps — sourced and confidence-scored. Verified 2026-08-11.",137,Ceres Solar Permit Guide,1,28,7,2,false,1182,4,80,2026-08-11,1
/california/cerritos/solar-permit-guide/,locality-guide,california,ca-los-angeles-cerritos-sce,index,https://mygridpermit.com/california/cerritos/solar-permit-guide/,true,"Cerritos, CA Solar Permit Guide | GridPermit",44,"Cerritos, CA solar permit facts: permit authority, utility, fees, and inspection steps — sourced and confidence-scored. Verified 2026-08-06.",140,Cerritos Solar Permit Guide,1,28,3,2,false,1236,8,80,2026-08-06,1
/california/chino-hills/solar-permit-guide/,locality-guide,california,ca-san-bernardino-chino-hills-sce,index,https://mygridpermit.com/california/chino-hills/solar-permit-guide/,true,"Chino Hills, CA Solar Permit Guide | GridPermit",47,"Chino Hills, CA solar permit facts: permit authority, utility, fees, and inspection steps — sourced and confidence-scored. Verified 2026-08-05.",143,Chino Hills Solar Permit Guide,1,28,18,2,false,1194,6,80,2026-08-05,1
/california/chino/solar-permit-guide/,locality-guide,california,ca-san-bernardino-chino-sce,index,https://mygridpermit.com/california/chino/solar-permit-guide/,true,"Chino, CA Solar Permit Guide | GridPermit",41,"Chino, CA solar permit facts: permit authority, utility, fees, and inspection steps — sourced and confidence-scored. Verified 2026-08-05.",137,Chino Solar Permit Guide,1,28,18,2,false,1414,7,80,2026-08-05,1
/california/chowchilla/solar-permit-guide/,locality-guide,california,ca-madera-chowchilla-pge,index,https://mygridpermit.com/california/chowchilla/solar-permit-guide/,true,"Chowchilla, CA Solar Permit Guide | GridPermit",46,"Chowchilla, CA solar permit facts: permit authority, utility, fees, and inspection steps — sourced and confidence-scored. Verified 2026-08-10.",142,Chowchilla Solar Permit Guide,1,27,3,2,false,1037,4,80,2026-08-10,1
/california/chula-vista/solar-permit-guide/,locality-guide,california,ca-san-diego-chula-vista-sdge,index,https://mygridpermit.com/california/chula-vista/solar-permit-guide/,true,"Chula Vista, CA Solar Permit Guide | GridPermit",47,"Chula Vista, CA solar permit facts: permit authority, utility, fees, and inspection steps — sourced and confidence-scored. Verified 2026-08-09.",143,Chula Vista Solar Permit Guide,1,28,20,2,false,1430,4,86.7,2026-08-09,1
/california/citrus-heights/solar-permit-guide/,locality-guide,california,ca-sacramento-citrus-heights-smud,index,https://mygridpermit.com/california/citrus-heights/solar-permit-guide/,true,"Citrus Heights, CA Solar Permit Guide | GridPermit",50,"Citrus Heights, CA solar permit facts: permit authority, utility, fees, and inspection steps — sourced and confidence-scored. Verified 2026-08-09.",146,Citrus Heights Solar Permit Guide,1,25,6,2,false,1156,3,80,2026-08-09,1
/california/city-of-industry/solar-permit-guide/,locality-guide,california,ca-los-angeles-city-of-industry-sce,index,https://mygridpermit.com/california/city-of-industry/solar-permit-guide/,true,"City of Industry, CA Solar Permit Guide | GridPermit",52,"City of Industry, CA solar permit facts: permit authority, utility, fees, and inspection steps — sourced and confidence-scored. Verified 2026-08-11.",148,City of Industry Solar Permit Guide,1,28,3,2,false,1488,6,86.7,2026-08-11,1
/california/colton/solar-permit-guide/,locality-guide,california,ca-san-bernardino-colton-cce,index,https://mygridpermit.com/california/colton/solar-permit-guide/,true,"Colton, CA Solar Permit Guide | GridPermit",42,"Colton, CA solar permit facts: permit authority, utility, fees, and inspection steps — sourced and confidence-scored. Verified 2026-08-11.",138,Colton Solar Permit Guide,1,27,17,2,false,1074,2,86.7,2026-08-11,1
/california/concord/solar-permit-guide/,locality-guide,california,ca-contra-costa-concord-pge,index,https://mygridpermit.com/california/concord/solar-permit-guide/,true,"Concord, CA Solar Permit Guide | GridPermit",43,"Concord, CA solar permit facts: permit authority, utility, fees, and inspection steps — sourced and confidence-scored. Verified 2026-08-03.",139,Concord Solar Permit Guide,1,28,20,2,false,1711,7,86.7,2026-08-03,1
/california/corcoran/solar-permit-guide/,locality-guide,california,ca-kings-corcoran-pge,index,https://mygridpermit.com/california/corcoran/solar-permit-guide/,true,"Corcoran, CA Solar Permit Guide | GridPermit",44,"Corcoran, CA solar permit facts: permit authority, utility, fees, and inspection steps — sourced and confidence-scored. Verified 2026-08-09.",140,Corcoran Solar Permit Guide,1,27,4,2,false,1030,3,80,2026-08-09,1
/california/coronado/solar-permit-guide/,locality-guide,california,ca-san-diego-coronado-sdge,index,https://mygridpermit.com/california/coronado/solar-permit-guide/,true,"Coronado, CA Solar Permit Guide | GridPermit",44,"Coronado, CA solar permit facts: permit authority, utility, fees, and inspection steps — sourced and confidence-scored. Verified 2026-08-09.",140,Coronado Solar Permit Guide,1,28,20,2,false,1101,4,80,2026-08-09,1
/california/corte-madera/solar-permit-guide/,locality-guide,california,ca-marin-corte-madera-pge,index,https://mygridpermit.com/california/corte-madera/solar-permit-guide/,true,"Corte Madera, CA Solar Permit Guide | GridPermit",48,"Corte Madera, CA solar permit facts: permit authority, utility, fees, and inspection steps — sourced and confidence-scored. Verified 2026-08-09.",144,Corte Madera Solar Permit Guide,1,28,11,2,false,1043,4,80,2026-08-09,1
/california/costa-mesa/solar-permit-guide/,locality-guide,california,ca-orange-costa-mesa-sce,index,https://mygridpermit.com/california/costa-mesa/solar-permit-guide/,true,"Costa Mesa, CA Solar Permit Guide | GridPermit",46,"Costa Mesa, CA solar permit facts: permit authority, utility, fees, and inspection steps — sourced and confidence-scored. Verified 2026-08-11.",142,Costa Mesa Solar Permit Guide,1,28,30,2,false,1413,7,86.7,2026-08-11,1
/california/cotati/solar-permit-guide/,locality-guide,california,ca-sonoma-cotati-pge,index,https://mygridpermit.com/california/cotati/solar-permit-guide/,true,"Cotati, CA Solar Permit Guide | GridPermit",42,"Cotati, CA solar permit facts: permit authority, utility, fees, and inspection steps — sourced and confidence-scored. Verified 2026-08-09.",138,Cotati Solar Permit Guide,1,28,10,2,false,1041,4,80,2026-08-09,1
/california/county/alameda/,county-hub,california,,index,https://mygridpermit.com/california/county/alameda/,true,Alameda County Solar Permit Guide | GridPermit,46,"Verified solar permit info for 13 cities in Alameda County, California — permit authority, utility, and links to each city's full guide.",136,Alameda County Solar Permit Guide,1,28,14,2,false,497,,,,2
/california/county/contra-costa/,county-hub,california,,index,https://mygridpermit.com/california/county/contra-costa/,true,Contra Costa County Solar Permit Guide | GridPermit,51,"Verified solar permit info for 18 cities in Contra Costa County, California — permit authority, utility, and links to each city's full guide.",141,Contra Costa County Solar Permit Guide,1,33,19,2,false,570,,,,2
/california/county/kern/,county-hub,california,,index,https://mygridpermit.com/california/county/kern/,true,Kern County Solar Permit Guide | GridPermit,43,"Verified solar permit info for 5 cities in Kern County, California — permit authority, utility, and links to each city's full guide.",132,Kern County Solar Permit Guide,1,20,6,2,false,331,,,,2
/california/county/los-angeles/,county-hub,california,,index,https://mygridpermit.com/california/county/los-angeles/,true,Los Angeles County Solar Permit Guide | GridPermit,50,"Verified solar permit info for 44 cities in Los Angeles County, California — permit authority, utility, and links to each city's full guide.",140,Los Angeles County Solar Permit Guide,1,59,45,2,false,1101,,,,2
/california/county/marin/,county-hub,california,,index,https://mygridpermit.com/california/county/marin/,true,Marin County Solar Permit Guide | GridPermit,44,"Verified solar permit info for 9 cities in Marin County, California — permit authority, utility, and links to each city's full guide.",133,Marin County Solar Permit Guide,1,24,10,2,false,392,,,,2
/california/county/monterey/,county-hub,california,,index,https://mygridpermit.com/california/county/monterey/,true,Monterey County Solar Permit Guide | GridPermit,47,"Verified solar permit info for 9 cities in Monterey County, California — permit authority, utility, and links to each city's full guide.",136,Monterey County Solar Permit Guide,1,24,10,2,false,399,,,,2
/california/county/napa/,county-hub,california,,index,https://mygridpermit.com/california/county/napa/,true,Napa County Solar Permit Guide | GridPermit,43,"Verified solar permit info for 4 cities in Napa County, California — permit authority, utility, and links to each city's full guide.",132,Napa County Solar Permit Guide,1,19,5,2,false,320,,,,2
/california/county/orange/,county-hub,california,,index,https://mygridpermit.com/california/county/orange/,true,Orange County Solar Permit Guide | GridPermit,45,"Verified solar permit info for 28 cities in Orange County, California — permit authority, utility, and links to each city's full guide.",135,Orange County Solar Permit Guide,1,43,29,2,false,759,,,,2
/california/county/riverside/,county-hub,california,,index,https://mygridpermit.com/california/county/riverside/,true,Riverside County Solar Permit Guide | GridPermit,48,"Verified solar permit info for 14 cities in Riverside County, California — permit authority, utility, and links to each city's full guide.",138,Riverside County Solar Permit Guide,1,29,15,2,false,508,,,,2
/california/county/sacramento/,county-hub,california,,index,https://mygridpermit.com/california/county/sacramento/,true,Sacramento County Solar Permit Guide | GridPermit,49,"Verified solar permit info for 4 cities in Sacramento County, California — permit authority, utility, and links to each city's full guide.",138,Sacramento County Solar Permit Guide,1,19,5,2,false,324,,,,2
/california/county/san-bernardino/,county-hub,california,,index,https://mygridpermit.com/california/county/san-bernardino/,true,San Bernardino County Solar Permit Guide | GridPermit,53,"Verified solar permit info for 16 cities in San Bernardino County, California — permit authority, utility, and links to each city's full guide.",143,San Bernardino County Solar Permit Guide,1,31,17,2,false,551,,,,2
/california/county/san-diego/,county-hub,california,,index,https://mygridpermit.com/california/county/san-diego/,true,San Diego County Solar Permit Guide | GridPermit,48,"Verified solar permit info for 18 cities in San Diego County, California — permit authority, utility, and links to each city's full guide.",138,San Diego County Solar Permit Guide,1,33,19,2,false,548,,,,2
/california/county/san-joaquin/,county-hub,california,,index,https://mygridpermit.com/california/county/san-joaquin/,true,San Joaquin County Solar Permit Guide | GridPermit,50,"Verified solar permit info for 4 cities in San Joaquin County, California — permit authority, utility, and links to each city's full guide.",139,San Joaquin County Solar Permit Guide,1,19,5,2,false,347,,,,2
/california/county/san-luis-obispo/,county-hub,california,,index,https://mygridpermit.com/california/county/san-luis-obispo/,true,San Luis Obispo County Solar Permit Guide | GridPermit,54,"Verified solar permit info for 7 cities in San Luis Obispo County, California — permit authority, utility, and links to each city's full guide.",143,San Luis Obispo County Solar Permit Guide,1,22,8,2,false,384,,,,2
/california/county/san-mateo/,county-hub,california,,index,https://mygridpermit.com/california/county/san-mateo/,true,San Mateo County Solar Permit Guide | GridPermit,48,"Verified solar permit info for 15 cities in San Mateo County, California — permit authority, utility, and links to each city's full guide.",138,San Mateo County Solar Permit Guide,1,30,16,2,false,517,,,,2
/california/county/santa-barbara/,county-hub,california,,index,https://mygridpermit.com/california/county/santa-barbara/,true,Santa Barbara County Solar Permit Guide | GridPermit,52,"Verified solar permit info for 5 cities in Santa Barbara County, California — permit authority, utility, and links to each city's full guide.",141,Santa Barbara County Solar Permit Guide,1,20,6,2,false,373,,,,2
/california/county/santa-clara/,county-hub,california,,index,https://mygridpermit.com/california/county/santa-clara/,true,Santa Clara County Solar Permit Guide | GridPermit,50,"Verified solar permit info for 13 cities in Santa Clara County, California — permit authority, utility, and links to each city's full guide.",140,Santa Clara County Solar Permit Guide,1,28,14,2,false,496,,,,2
/california/county/santa-cruz/,county-hub,california,,index,https://mygridpermit.com/california/county/santa-cruz/,true,Santa Cruz County Solar Permit Guide | GridPermit,49,"Verified solar permit info for 4 cities in Santa Cruz County, California — permit authority, utility, and links to each city's full guide.",138,Santa Cruz County Solar Permit Guide,1,19,5,2,false,323,,,,2
/california/county/solano/,county-hub,california,,index,https://mygridpermit.com/california/county/solano/,true,Solano County Solar Permit Guide | GridPermit,45,"Verified solar permit info for 6 cities in Solano County, California — permit authority, utility, and links to each city's full guide.",134,Solano County Solar Permit Guide,1,21,7,2,false,345,,,,2
/california/county/sonoma/,county-hub,california,,index,https://mygridpermit.com/california/county/sonoma/,true,Sonoma County Solar Permit Guide | GridPermit,45,"Verified solar permit info for 8 cities in Sonoma County, California — permit authority, utility, and links to each city's full guide.",134,Sonoma County Solar Permit Guide,1,23,9,2,false,403,,,,2
/california/county/stanislaus/,county-hub,california,,index,https://mygridpermit.com/california/county/stanislaus/,true,Stanislaus County Solar Permit Guide | GridPermit,49,"Verified solar permit info for 5 cities in Stanislaus County, California — permit authority, utility, and links to each city's full guide.",138,Stanislaus County Solar Permit Guide,1,20,6,2,false,341,,,,2
/california/county/ventura/,county-hub,california,,index,https://mygridpermit.com/california/county/ventura/,true,Ventura County Solar Permit Guide | GridPermit,46,"Verified solar permit info for 9 cities in Ventura County, California — permit authority, utility, and links to each city's full guide.",135,Ventura County Solar Permit Guide,1,24,10,2,false,410,,,,2
/california/covina/solar-permit-guide/,locality-guide,california,ca-los-angeles-covina-sce,index,https://mygridpermit.com/california/covina/solar-permit-guide/,true,"Covina, CA Solar Permit Guide | GridPermit",42,"Covina, CA solar permit facts: permit authority, utility, fees, and inspection steps — sourced and confidence-scored. Verified 2026-08-09.",138,Covina Solar Permit Guide,1,28,3,2,false,1079,5,80,2026-08-09,1
/california/culver-city/solar-permit-guide/,locality-guide,california,ca-los-angeles-culver-city-sce,index,https://mygridpermit.com/california/culver-city/solar-permit-guide/,true,"Culver City, CA Solar Permit Guide | GridPermit",47,"Culver City, CA solar permit facts: permit authority, utility, fees, and inspection steps — sourced and confidence-scored. Verified 2026-08-06.",143,Culver City Solar Permit Guide,1,28,3,2,false,1253,6,80,2026-08-06,1
/california/cupertino/solar-permit-guide/,locality-guide,california,ca-santa-clara-cupertino-pge,index,https://mygridpermit.com/california/cupertino/solar-permit-guide/,true,"Cupertino, CA Solar Permit Guide | GridPermit",45,"Cupertino, CA solar permit facts: permit authority, utility, fees, and inspection steps — sourced and confidence-scored. Verified 2026-08-09.",141,Cupertino Solar Permit Guide,1,28,15,2,false,949,4,80,2026-08-09,1
/california/cypress/solar-permit-guide/,locality-guide,california,ca-orange-cypress-sce,index,https://mygridpermit.com/california/cypress/solar-permit-guide/,true,"Cypress, CA Solar Permit Guide | GridPermit",43,"Cypress, CA solar permit facts: permit authority, utility, fees, and inspection steps — sourced and confidence-scored. Verified 2026-08-10.",139,Cypress Solar Permit Guide,1,28,30,2,false,1178,6,80,2026-08-10,1
/california/daly-city/solar-permit-guide/,locality-guide,california,ca-san-mateo-daly-city-pge,index,https://mygridpermit.com/california/daly-city/solar-permit-guide/,true,"Daly City, CA Solar Permit Guide | GridPermit",45,"Daly City, CA solar permit facts: permit authority, utility, fees, and inspection steps — sourced and confidence-scored. Verified 2026-08-05.",141,Daly City Solar Permit Guide,1,28,17,2,false,1178,6,80,2026-08-05,1
/california/dana-point/solar-permit-guide/,locality-guide,california,ca-orange-dana-point-sdge,index,https://mygridpermit.com/california/dana-point/solar-permit-guide/,true,"Dana Point, CA Solar Permit Guide | GridPermit",46,"Dana Point, CA solar permit facts: permit authority, utility, fees, and inspection steps — sourced and confidence-scored. Verified 2026-08-10.",142,Dana Point Solar Permit Guide,1,28,9,2,false,1277,5,80,2026-08-10,1
/california/danville/solar-permit-guide/,locality-guide,california,ca-contra-costa-danville-pge,index,https://mygridpermit.com/california/danville/solar-permit-guide/,true,"Danville, CA Solar Permit Guide | GridPermit",44,"Danville, CA solar permit facts: permit authority, utility, fees, and inspection steps — sourced and confidence-scored. Verified 2026-08-09.",140,Danville Solar Permit Guide,1,28,20,2,false,1096,5,80,2026-08-09,1
/california/davis/solar-permit-guide/,locality-guide,california,ca-yolo-davis-pge,index,https://mygridpermit.com/california/davis/solar-permit-guide/,true,"Davis, CA Solar Permit Guide | GridPermit",41,"Davis, CA solar permit facts: permit authority, utility, fees, and inspection steps — sourced and confidence-scored. Verified 2026-08-09.",137,Davis Solar Permit Guide,1,27,4,2,false,1117,4,80,2026-08-09,1
/california/del-mar/solar-permit-guide/,locality-guide,california,ca-san-diego-del-mar-sdge,index,https://mygridpermit.com/california/del-mar/solar-permit-guide/,true,"Del Mar, CA Solar Permit Guide | GridPermit",43,"Del Mar, CA solar permit facts: permit authority, utility, fees, and inspection steps — sourced and confidence-scored. Verified 2026-08-11.",139,Del Mar Solar Permit Guide,1,28,20,2,false,1280,5,80,2026-08-11,1
/california/diamond-bar/solar-permit-guide/,locality-guide,california,ca-los-angeles-diamond-bar-sce,index,https://mygridpermit.com/california/diamond-bar/solar-permit-guide/,true,"Diamond Bar, CA Solar Permit Guide | GridPermit",47,"Diamond Bar, CA solar permit facts: permit authority, utility, fees, and inspection steps — sourced and confidence-scored. Verified 2026-08-06.",143,Diamond Bar Solar Permit Guide,1,28,3,2,false,1069,5,80,2026-08-06,1
/california/dixon/solar-permit-guide/,locality-guide,california,ca-solano-dixon-pge,index,https://mygridpermit.com/california/dixon/solar-permit-guide/,true,"Dixon, CA Solar Permit Guide | GridPermit",41,"Dixon, CA solar permit facts: permit authority, utility, fees, and inspection steps — sourced and confidence-scored. Verified 2026-08-09.",137,Dixon Solar Permit Guide,1,28,8,2,false,1019,3,80,2026-08-09,1
/california/downey/solar-permit-guide/,locality-guide,california,ca-los-angeles-downey-sce,index,https://mygridpermit.com/california/downey/solar-permit-guide/,true,"Downey, CA Solar Permit Guide | GridPermit",42,"Downey, CA solar permit facts: permit authority, utility, fees, and inspection steps — sourced and confidence-scored. Verified 2026-08-06.",138,Downey Solar Permit Guide,1,28,3,2,false,1248,8,80,2026-08-06,1
/california/duarte/solar-permit-guide/,locality-guide,california,ca-los-angeles-duarte-sce,index,https://mygridpermit.com/california/duarte/solar-permit-guide/,true,"Duarte, CA Solar Permit Guide | GridPermit",42,"Duarte, CA solar permit facts: permit authority, utility, fees, and inspection steps — sourced and confidence-scored. Verified 2026-08-11.",138,Duarte Solar Permit Guide,1,28,3,2,false,1321,6,86.7,2026-08-11,1
/california/dublin/solar-permit-guide/,locality-guide,california,ca-alameda-dublin-pge,index,https://mygridpermit.com/california/dublin/solar-permit-guide/,true,"Dublin, CA Solar Permit Guide | GridPermit",42,"Dublin, CA solar permit facts: permit authority, utility, fees, and inspection steps — sourced and confidence-scored. Verified 2026-08-09.",138,Dublin Solar Permit Guide,1,28,15,2,false,1036,4,80,2026-08-09,1
/california/east-palo-alto/solar-permit-guide/,locality-guide,california,ca-san-mateo-east-palo-alto-pge,index,https://mygridpermit.com/california/east-palo-alto/solar-permit-guide/,true,"East Palo Alto, CA Solar Permit Guide | GridPermit",50,"East Palo Alto, CA solar permit facts: permit authority, utility, fees, and inspection steps — sourced and confidence-scored. Verified 2026-08-05.",146,East Palo Alto Solar Permit Guide,1,28,17,2,false,1269,6,80,2026-08-05,1
/california/eastvale/solar-permit-guide/,locality-guide,california,ca-riverside-eastvale-sce,index,https://mygridpermit.com/california/eastvale/solar-permit-guide/,true,"Eastvale, CA Solar Permit Guide | GridPermit",44,"Eastvale, CA solar permit facts: permit authority, utility, fees, and inspection steps — sourced and confidence-scored. Verified 2026-08-11.",140,Eastvale Solar Permit Guide,1,28,17,2,false,1207,6,80,2026-08-11,1
/california/el-cajon/solar-permit-guide/,locality-guide,california,ca-san-diego-el-cajon-sdge,index,https://mygridpermit.com/california/el-cajon/solar-permit-guide/,true,"El Cajon, CA Solar Permit Guide | GridPermit",44,"El Cajon, CA solar permit facts: permit authority, utility, fees, and inspection steps — sourced and confidence-scored. Verified 2026-08-08.",140,El Cajon Solar Permit Guide,1,28,20,2,false,1205,4,80,2026-08-08,1
/california/el-cerrito/solar-permit-guide/,locality-guide,california,ca-contra-costa-el-cerrito-pge,index,https://mygridpermit.com/california/el-cerrito/solar-permit-guide/,true,"El Cerrito, CA Solar Permit Guide | GridPermit",46,"El Cerrito, CA solar permit facts: permit authority, utility, fees, and inspection steps — sourced and confidence-scored. Verified 2026-08-08.",142,El Cerrito Solar Permit Guide,1,28,20,2,false,1006,3,80,2026-08-08,1
/california/el-monte/solar-permit-guide/,locality-guide,california,ca-los-angeles-el-monte-sce,index,https://mygridpermit.com/california/el-monte/solar-permit-guide/,true,"El Monte, CA Solar Permit Guide | GridPermit",44,"El Monte, CA solar permit facts: permit authority, utility, fees, and inspection steps — sourced and confidence-scored. Verified 2026-08-09.",140,El Monte Solar Permit Guide,1,28,3,2,false,1169,5,80,2026-08-09,1
/california/emeryville/solar-permit-guide/,locality-guide,california,ca-alameda-emeryville-pge,index,https://mygridpermit.com/california/emeryville/solar-permit-guide/,true,"Emeryville, CA Solar Permit Guide | GridPermit",46,"Emeryville, CA solar permit facts: permit authority, utility, fees, and inspection steps — sourced and confidence-scored. Verified 2026-08-09.",142,Emeryville Solar Permit Guide,1,28,15,2,false,1127,5,80,2026-08-09,1
/california/encinitas/solar-permit-guide/,locality-guide,california,ca-san-diego-encinitas-sdge,index,https://mygridpermit.com/california/encinitas/solar-permit-guide/,true,"Encinitas, CA Solar Permit Guide | GridPermit",45,"Encinitas, CA solar permit facts: permit authority, utility, fees, and inspection steps — sourced and confidence-scored. Verified 2026-08-09.",141,Encinitas Solar Permit Guide,1,28,20,2,false,1141,5,80,2026-08-09,1
/california/escondido/solar-permit-guide/,locality-guide,california,ca-san-diego-escondido-sdge,index,https://mygridpermit.com/california/escondido/solar-permit-guide/,true,"Escondido, CA Solar Permit Guide | GridPermit",45,"Escondido, CA solar permit facts: permit authority, utility, fees, and inspection steps — sourced and confidence-scored. Verified 2026-08-02.",141,Escondido Solar Permit Guide,1,28,9,2,false,1226,4,80,2026-08-02,1
/california/eureka/solar-permit-guide/,locality-guide,california,ca-humboldt-eureka-pge,index,https://mygridpermit.com/california/eureka/solar-permit-guide/,true,"Eureka, CA Solar Permit Guide | GridPermit",42,"Eureka, CA solar permit facts: permit authority, utility, fees, and inspection steps — sourced and confidence-scored. Verified 2026-08-09.",138,Eureka Solar Permit Guide,1,27,3,2,false,1004,4,80,2026-08-09,1
/california/fairfax/solar-permit-guide/,locality-guide,california,ca-marin-fairfax-pge,index,https://mygridpermit.com/california/fairfax/solar-permit-guide/,true,"Fairfax, CA Solar Permit Guide | GridPermit",43,"Fairfax, CA solar permit facts: permit authority, utility, fees, and inspection steps — sourced and confidence-scored. Verified 2026-08-09.",139,Fairfax Solar Permit Guide,1,28,11,2,false,1068,5,80,2026-08-09,1
/california/fairfield/solar-permit-guide/,locality-guide,california,ca-solano-fairfield-pge,index,https://mygridpermit.com/california/fairfield/solar-permit-guide/,true,"Fairfield, CA Solar Permit Guide | GridPermit",45,"Fairfield, CA solar permit facts: permit authority, utility, fees, and inspection steps — sourced and confidence-scored. Verified 2026-08-09.",141,Fairfield Solar Permit Guide,1,28,9,2,false,1183,4,86.7,2026-08-09,1
/california/fillmore/solar-permit-guide/,locality-guide,california,ca-ventura-fillmore-sce,index,https://mygridpermit.com/california/fillmore/solar-permit-guide/,true,"Fillmore, CA Solar Permit Guide | GridPermit",44,"Fillmore, CA solar permit facts: permit authority, utility, fees, and inspection steps — sourced and confidence-scored. Verified 2026-08-10.",140,Fillmore Solar Permit Guide,1,28,11,2,false,1111,6,80,2026-08-10,1
/california/folsom/solar-permit-guide/,locality-guide,california,ca-sacramento-folsom-smud,index,https://mygridpermit.com/california/folsom/solar-permit-guide/,true,"Folsom, CA Solar Permit Guide | GridPermit",42,"Folsom, CA solar permit facts: permit authority, utility, fees, and inspection steps — sourced and confidence-scored. Verified 2026-08-11.",138,Folsom Solar Permit Guide,1,25,6,2,false,1164,4,80,2026-08-11,1
/california/fontana/solar-permit-guide/,locality-guide,california,ca-san-bernardino-fontana-sce,index,https://mygridpermit.com/california/fontana/solar-permit-guide/,true,"Fontana, CA Solar Permit Guide | GridPermit",43,"Fontana, CA solar permit facts: permit authority, utility, fees, and inspection steps — sourced and confidence-scored. Verified 2026-08-05.",139,Fontana Solar Permit Guide,1,28,18,2,false,1056,5,80,2026-08-05,1
/california/fortuna/solar-permit-guide/,locality-guide,california,ca-humboldt-fortuna-pge,index,https://mygridpermit.com/california/fortuna/solar-permit-guide/,true,"Fortuna, CA Solar Permit Guide | GridPermit",43,"Fortuna, CA solar permit facts: permit authority, utility, fees, and inspection steps — sourced and confidence-scored. Verified 2026-08-09.",139,Fortuna Solar Permit Guide,1,27,3,2,false,1113,4,80,2026-08-09,1
/california/foster-city/solar-permit-guide/,locality-guide,california,ca-san-mateo-foster-city-pge,index,https://mygridpermit.com/california/foster-city/solar-permit-guide/,true,"Foster City, CA Solar Permit Guide | GridPermit",47,"Foster City, CA solar permit facts: permit authority, utility, fees, and inspection steps — sourced and confidence-scored. Verified 2026-08-08.",143,Foster City Solar Permit Guide,1,28,17,2,false,1085,3,80,2026-08-08,1
/california/fountain-valley/solar-permit-guide/,locality-guide,california,ca-orange-fountain-valley-sce,index,https://mygridpermit.com/california/fountain-valley/solar-permit-guide/,true,"Fountain Valley, CA Solar Permit Guide | GridPermit",51,"Fountain Valley, CA solar permit facts: permit authority, utility, fees, and inspection steps — sourced and confidence-scored. Verified 2026-08-06.",147,Fountain Valley Solar Permit Guide,1,28,3,2,false,1152,6,86.7,2026-08-06,1
/california/fremont/solar-permit-guide/,locality-guide,california,ca-alameda-fremont-pge,index,https://mygridpermit.com/california/fremont/solar-permit-guide/,true,"Fremont, CA Solar Permit Guide | GridPermit",43,"Fremont, CA solar permit facts: permit authority, utility, fees, and inspection steps — sourced and confidence-scored. Verified 2026-08-09.",139,Fremont Solar Permit Guide,1,28,15,2,false,1344,8,80,2026-08-09,1
/california/fresno/solar-permit-guide/,locality-guide,california,ca-fresno-fresno-pge,index,https://mygridpermit.com/california/fresno/solar-permit-guide/,true,"Fresno, CA Solar Permit Guide | GridPermit",42,"Fresno, CA solar permit facts: permit authority, utility, fees, and inspection steps — sourced and confidence-scored. Verified 2026-08-11.",138,Fresno Solar Permit Guide,1,27,4,2,false,1366,7,80,2026-08-11,1
/california/fullerton/solar-permit-guide/,locality-guide,california,ca-orange-fullerton-sce,index,https://mygridpermit.com/california/fullerton/solar-permit-guide/,true,"Fullerton, CA Solar Permit Guide | GridPermit",45,"Fullerton, CA solar permit facts: permit authority, utility, fees, and inspection steps — sourced and confidence-scored. Verified 2026-08-09.",141,Fullerton Solar Permit Guide,1,28,3,2,false,1490,7,80,2026-08-09,1
/california/garden-grove/solar-permit-guide/,locality-guide,california,ca-orange-garden-grove-sce,index,https://mygridpermit.com/california/garden-grove/solar-permit-guide/,true,"Garden Grove, CA Solar Permit Guide | GridPermit",48,"Garden Grove, CA solar permit facts: permit authority, utility, fees, and inspection steps — sourced and confidence-scored. Verified 2026-08-05.",144,Garden Grove Solar Permit Guide,1,28,3,2,false,1419,6,80,2026-08-05,1
/california/gardena/solar-permit-guide/,locality-guide,california,ca-los-angeles-gardena-sce,index,https://mygridpermit.com/california/gardena/solar-permit-guide/,true,"Gardena, CA Solar Permit Guide | GridPermit",43,"Gardena, CA solar permit facts: permit authority, utility, fees, and inspection steps — sourced and confidence-scored. Verified 2026-08-06.",139,Gardena Solar Permit Guide,1,28,3,2,false,1157,6,80,2026-08-06,1
/california/gilroy/solar-permit-guide/,locality-guide,california,ca-santa-clara-gilroy-pge,index,https://mygridpermit.com/california/gilroy/solar-permit-guide/,true,"Gilroy, CA Solar Permit Guide | GridPermit",42,"Gilroy, CA solar permit facts: permit authority, utility, fees, and inspection steps — sourced and confidence-scored. Verified 2026-08-08.",138,Gilroy Solar Permit Guide,1,28,15,2,false,1116,3,80,2026-08-08,1
/california/glendale/solar-permit-guide/,locality-guide,california,ca-los-angeles-glendale-gwp,index,https://mygridpermit.com/california/glendale/solar-permit-guide/,true,"Glendale, CA Solar Permit Guide | GridPermit",44,"Glendale, CA solar permit facts: permit authority, utility, fees, and inspection steps — sourced and confidence-scored. Verified 2026-08-11.",140,Glendale Solar Permit Guide,1,27,2,2,false,1604,1,80,2026-08-11,1
/california/glendora/solar-permit-guide/,locality-guide,california,ca-los-angeles-glendora-sce,index,https://mygridpermit.com/california/glendora/solar-permit-guide/,true,"Glendora, CA Solar Permit Guide | GridPermit",44,"Glendora, CA solar permit facts: permit authority, utility, fees, and inspection steps — sourced and confidence-scored. Verified 2026-08-11.",140,Glendora Solar Permit Guide,1,28,3,2,false,1477,8,86.7,2026-08-11,1
/california/goleta/solar-permit-guide/,locality-guide,california,ca-santa-barbara-goleta-sce,index,https://mygridpermit.com/california/goleta/solar-permit-guide/,true,"Goleta, CA Solar Permit Guide | GridPermit",42,"Goleta, CA solar permit facts: permit authority, utility, fees, and inspection steps — sourced and confidence-scored. Verified 2026-08-09.",138,Goleta Solar Permit Guide,1,28,7,2,false,1357,5,93.3,2026-08-09,1
/california/gonzales/solar-permit-guide/,locality-guide,california,ca-monterey-gonzales-pge,index,https://mygridpermit.com/california/gonzales/solar-permit-guide/,true,"Gonzales, CA Solar Permit Guide | GridPermit",44,"Gonzales, CA solar permit facts: permit authority, utility, fees, and inspection steps — sourced and confidence-scored. Verified 2026-08-09.",140,Gonzales Solar Permit Guide,1,28,11,2,false,1111,5,80,2026-08-09,1
/california/grass-valley/solar-permit-guide/,locality-guide,california,ca-nevada-grass-valley-pge,index,https://mygridpermit.com/california/grass-valley/solar-permit-guide/,true,"Grass Valley, CA Solar Permit Guide | GridPermit",48,"Grass Valley, CA solar permit facts: permit authority, utility, fees, and inspection steps — sourced and confidence-scored. Verified 2026-08-09.",144,Grass Valley Solar Permit Guide,1,27,4,2,false,964,4,80,2026-08-09,1
/california/gridley/solar-permit-guide/,locality-guide,california,ca-butte-gridley-geu,index,https://mygridpermit.com/california/gridley/solar-permit-guide/,true,"Gridley, CA Solar Permit Guide | GridPermit",43,"Gridley, CA solar permit facts: permit authority, utility, fees, and inspection steps — sourced and confidence-scored. Verified 2026-08-11.",139,Gridley Solar Permit Guide,1,21,2,2,false,1157,4,80,2026-08-11,1
/california/grover-beach/solar-permit-guide/,locality-guide,california,ca-san-luis-obispo-grover-beach-pge,index,https://mygridpermit.com/california/grover-beach/solar-permit-guide/,true,"Grover Beach, CA Solar Permit Guide | GridPermit",48,"Grover Beach, CA solar permit facts: permit authority, utility, fees, and inspection steps — sourced and confidence-scored. Verified 2026-08-09.",144,Grover Beach Solar Permit Guide,1,28,9,2,false,961,3,80,2026-08-09,1
/california/hanford/solar-permit-guide/,locality-guide,california,ca-kings-hanford-pge,index,https://mygridpermit.com/california/hanford/solar-permit-guide/,true,"Hanford, CA Solar Permit Guide | GridPermit",43,"Hanford, CA solar permit facts: permit authority, utility, fees, and inspection steps — sourced and confidence-scored. Verified 2026-08-09.",139,Hanford Solar Permit Guide,1,27,4,2,false,1087,5,80,2026-08-09,1
/california/hawthorne/solar-permit-guide/,locality-guide,california,ca-los-angeles-hawthorne-sce,index,https://mygridpermit.com/california/hawthorne/solar-permit-guide/,true,"Hawthorne, CA Solar Permit Guide | GridPermit",45,"Hawthorne, CA solar permit facts: permit authority, utility, fees, and inspection steps — sourced and confidence-scored. Verified 2026-08-11.",141,Hawthorne Solar Permit Guide,1,28,3,2,false,1533,8,86.7,2026-08-11,1
/california/hayward/solar-permit-guide/,locality-guide,california,ca-alameda-hayward-pge,index,https://mygridpermit.com/california/hayward/solar-permit-guide/,true,"Hayward, CA Solar Permit Guide | GridPermit",43,"Hayward, CA solar permit facts: permit authority, utility, fees, and inspection steps — sourced and confidence-scored. Verified 2026-08-03.",139,Hayward Solar Permit Guide,1,28,9,2,false,1802,6,93.3,2026-08-03,1
/california/healdsburg/solar-permit-guide/,locality-guide,california,ca-sonoma-healdsburg-hed,index,https://mygridpermit.com/california/healdsburg/solar-permit-guide/,true,"Healdsburg, CA Solar Permit Guide | GridPermit",46,"Healdsburg, CA solar permit facts: permit authority, utility, fees, and inspection steps — sourced and confidence-scored. Verified 2026-08-11.",142,Healdsburg Solar Permit Guide,1,27,9,2,false,1291,5,100,2026-08-11,1
/california/hemet/solar-permit-guide/,locality-guide,california,ca-riverside-hemet-sce,index,https://mygridpermit.com/california/hemet/solar-permit-guide/,true,"Hemet, CA Solar Permit Guide | GridPermit",41,"Hemet, CA solar permit facts: permit authority, utility, fees, and inspection steps — sourced and confidence-scored. Verified 2026-08-08.",137,Hemet Solar Permit Guide,1,28,16,2,false,1154,6,80,2026-08-08,1
/california/hercules/solar-permit-guide/,locality-guide,california,ca-contra-costa-hercules-pge,index,https://mygridpermit.com/california/hercules/solar-permit-guide/,true,"Hercules, CA Solar Permit Guide | GridPermit",44,"Hercules, CA solar permit facts: permit authority, utility, fees, and inspection steps — sourced and confidence-scored. Verified 2026-08-08.",140,Hercules Solar Permit Guide,1,28,20,2,false,1194,3,86.7,2026-08-08,1
/california/hermosa-beach/solar-permit-guide/,locality-guide,california,ca-los-angeles-hermosa-beach-sce,index,https://mygridpermit.com/california/hermosa-beach/solar-permit-guide/,true,"Hermosa Beach, CA Solar Permit Guide | GridPermit",49,"Hermosa Beach, CA solar permit facts: permit authority, utility, fees, and inspection steps — sourced and confidence-scored. Verified 2026-08-06.",145,Hermosa Beach Solar Permit Guide,1,28,3,2,false,1273,6,86.7,2026-08-06,1
/california/hesperia/solar-permit-guide/,locality-guide,california,ca-san-bernardino-hesperia-sce,index,https://mygridpermit.com/california/hesperia/solar-permit-guide/,true,"Hesperia, CA Solar Permit Guide | GridPermit",44,"Hesperia, CA solar permit facts: permit authority, utility, fees, and inspection steps — sourced and confidence-scored. Verified 2026-08-08.",140,Hesperia Solar Permit Guide,1,28,10,2,false,1060,5,80,2026-08-08,1
/california/highland/solar-permit-guide/,locality-guide,california,ca-san-bernardino-highland-sce,index,https://mygridpermit.com/california/highland/solar-permit-guide/,true,"Highland, CA Solar Permit Guide | GridPermit",44,"Highland, CA solar permit facts: permit authority, utility, fees, and inspection steps — sourced and confidence-scored. Verified 2026-08-08.",140,Highland Solar Permit Guide,1,28,3,2,false,1134,5,80,2026-08-08,1
/california/huntington-beach/solar-permit-guide/,locality-guide,california,ca-orange-huntington-beach-sce,index,https://mygridpermit.com/california/huntington-beach/solar-permit-guide/,true,"Huntington Beach, CA Solar Permit Guide | GridPermit",52,"Huntington Beach, CA solar permit facts: permit authority, utility, fees, and inspection steps — sourced and confidence-scored. Verified 2026-08-05.",148,Huntington Beach Solar Permit Guide,1,28,3,2,false,1273,6,93.3,2026-08-05,1
/california/imperial-beach/solar-permit-guide/,locality-guide,california,ca-san-diego-imperial-beach-sdge,index,https://mygridpermit.com/california/imperial-beach/solar-permit-guide/,true,"Imperial Beach, CA Solar Permit Guide | GridPermit",50,"Imperial Beach, CA solar permit facts: permit authority, utility, fees, and inspection steps — sourced and confidence-scored. Verified 2026-08-09.",146,Imperial Beach Solar Permit Guide,1,28,3,2,false,1170,4,80,2026-08-09,1
/california/inglewood/solar-permit-guide/,locality-guide,california,ca-los-angeles-inglewood-sce,index,https://mygridpermit.com/california/inglewood/solar-permit-guide/,true,"Inglewood, CA Solar Permit Guide | GridPermit",45,"Inglewood, CA solar permit facts: permit authority, utility, fees, and inspection steps — sourced and confidence-scored. Verified 2026-08-06.",141,Inglewood Solar Permit Guide,1,28,3,2,false,1171,6,80,2026-08-06,1
/california/irvine/solar-permit-guide/,locality-guide,california,ca-orange-irvine-sce,index,https://mygridpermit.com/california/irvine/solar-permit-guide/,true,"Irvine, CA Solar Permit Guide | GridPermit",42,"Irvine, CA solar permit facts: permit authority, utility, fees, and inspection steps — sourced and confidence-scored. Verified 2026-08-09.",138,Irvine Solar Permit Guide,1,28,3,2,false,1645,7,80,2026-08-09,1
/california/jurupa-valley/solar-permit-guide/,locality-guide,california,ca-riverside-jurupa-valley-sce,index,https://mygridpermit.com/california/jurupa-valley/solar-permit-guide/,true,"Jurupa Valley, CA Solar Permit Guide | GridPermit",49,"Jurupa Valley, CA solar permit facts: permit authority, utility, fees, and inspection steps — sourced and confidence-scored. Verified 2026-08-08.",145,Jurupa Valley Solar Permit Guide,1,28,17,2,false,1071,5,80,2026-08-08,1
/california/king-city/solar-permit-guide/,locality-guide,california,ca-monterey-king-city-pge,index,https://mygridpermit.com/california/king-city/solar-permit-guide/,true,"King City, CA Solar Permit Guide | GridPermit",45,"King City, CA solar permit facts: permit authority, utility, fees, and inspection steps — sourced and confidence-scored. Verified 2026-08-10.",141,King City Solar Permit Guide,1,28,11,2,false,1087,5,80,2026-08-10,1
/california/kingsburg/solar-permit-guide/,locality-guide,california,ca-fresno-kingsburg-pge,index,https://mygridpermit.com/california/kingsburg/solar-permit-guide/,true,"Kingsburg, CA Solar Permit Guide | GridPermit",45,"Kingsburg, CA solar permit facts: permit authority, utility, fees, and inspection steps — sourced and confidence-scored. Verified 2026-08-09.",141,Kingsburg Solar Permit Guide,1,27,4,2,false,1145,4,80,2026-08-09,1
/california/la-habra/solar-permit-guide/,locality-guide,california,ca-orange-la-habra-sce,index,https://mygridpermit.com/california/la-habra/solar-permit-guide/,true,"La Habra, CA Solar Permit Guide | GridPermit",44,"La Habra, CA solar permit facts: permit authority, utility, fees, and inspection steps — sourced and confidence-scored. Verified 2026-08-06.",140,La Habra Solar Permit Guide,1,28,3,2,false,1441,5,86.7,2026-08-06,1
/california/la-mesa/solar-permit-guide/,locality-guide,california,ca-san-diego-la-mesa-sdge,index,https://mygridpermit.com/california/la-mesa/solar-permit-guide/,true,"La Mesa, CA Solar Permit Guide | GridPermit",43,"La Mesa, CA solar permit facts: permit authority, utility, fees, and inspection steps — sourced and confidence-scored. Verified 2026-08-08.",139,La Mesa Solar Permit Guide,1,28,3,2,false,1167,4,80,2026-08-08,1
/california/la-verne/solar-permit-guide/,locality-guide,california,ca-los-angeles-la-verne-sce,index,https://mygridpermit.com/california/la-verne/solar-permit-guide/,true,"La Verne, CA Solar Permit Guide | GridPermit",44,"La Verne, CA solar permit facts: permit authority, utility, fees, and inspection steps — sourced and confidence-scored. Verified 2026-08-06.",140,La Verne Solar Permit Guide,1,28,3,2,false,1114,6,80,2026-08-06,1
/california/lafayette/solar-permit-guide/,locality-guide,california,ca-contra-costa-lafayette-pge,index,https://mygridpermit.com/california/lafayette/solar-permit-guide/,true,"Lafayette, CA Solar Permit Guide | GridPermit",45,"Lafayette, CA solar permit facts: permit authority, utility, fees, and inspection steps — sourced and confidence-scored. Verified 2026-08-08.",141,Lafayette Solar Permit Guide,1,28,9,2,false,1239,3,86.7,2026-08-08,1
/california/laguna-beach/solar-permit-guide/,locality-guide,california,ca-orange-laguna-beach-sce,index,https://mygridpermit.com/california/laguna-beach/solar-permit-guide/,true,"Laguna Beach, CA Solar Permit Guide | GridPermit",48,"Laguna Beach, CA solar permit facts: permit authority, utility, fees, and inspection steps — sourced and confidence-scored. Verified 2026-08-11.",144,Laguna Beach Solar Permit Guide,1,28,3,2,false,1483,7,86.7,2026-08-11,1
/california/laguna-hills/solar-permit-guide/,locality-guide,california,ca-orange-laguna-hills-sce,index,https://mygridpermit.com/california/laguna-hills/solar-permit-guide/,true,"Laguna Hills, CA Solar Permit Guide | GridPermit",48,"Laguna Hills, CA solar permit facts: permit authority, utility, fees, and inspection steps — sourced and confidence-scored. Verified 2026-08-06.",144,Laguna Hills Solar Permit Guide,1,28,3,2,false,1082,5,80,2026-08-06,1
/california/laguna-niguel/solar-permit-guide/,locality-guide,california,ca-orange-laguna-niguel-sce,index,https://mygridpermit.com/california/laguna-niguel/solar-permit-guide/,true,"Laguna Niguel, CA Solar Permit Guide | GridPermit",49,"Laguna Niguel, CA solar permit facts: permit authority, utility, fees, and inspection steps — sourced and confidence-scored. Verified 2026-08-06.",145,Laguna Niguel Solar Permit Guide,1,28,3,2,false,1203,5,86.7,2026-08-06,1
/california/lake-elsinore/solar-permit-guide/,locality-guide,california,ca-riverside-lake-elsinore-sce,index,https://mygridpermit.com/california/lake-elsinore/solar-permit-guide/,true,"Lake Elsinore, CA Solar Permit Guide | GridPermit",49,"Lake Elsinore, CA solar permit facts: permit authority, utility, fees, and inspection steps — sourced and confidence-scored. Verified 2026-08-11.",145,Lake Elsinore Solar Permit Guide,1,28,16,2,false,1414,5,86.7,2026-08-11,1
/california/lake-forest/solar-permit-guide/,locality-guide,california,ca-orange-lake-forest-sce,index,https://mygridpermit.com/california/lake-forest/solar-permit-guide/,true,"Lake Forest, CA Solar Permit Guide | GridPermit",47,"Lake Forest, CA solar permit facts: permit authority, utility, fees, and inspection steps — sourced and confidence-scored. Verified 2026-08-11.",143,Lake Forest Solar Permit Guide,1,28,3,2,false,1268,7,80,2026-08-11,1
/california/lakewood/solar-permit-guide/,locality-guide,california,ca-los-angeles-lakewood-sce,index,https://mygridpermit.com/california/lakewood/solar-permit-guide/,true,"Lakewood, CA Solar Permit Guide | GridPermit",44,"Lakewood, CA solar permit facts: permit authority, utility, fees, and inspection steps — sourced and confidence-scored. Verified 2026-08-11.",140,Lakewood Solar Permit Guide,1,28,3,2,false,1286,6,86.7,2026-08-11,1
/california/larkspur/solar-permit-guide/,locality-guide,california,ca-marin-larkspur-pge,index,https://mygridpermit.com/california/larkspur/solar-permit-guide/,true,"Larkspur, CA Solar Permit Guide | GridPermit",44,"Larkspur, CA solar permit facts: permit authority, utility, fees, and inspection steps — sourced and confidence-scored. Verified 2026-08-09.",140,Larkspur Solar Permit Guide,1,28,11,2,false,1032,4,80,2026-08-09,1
/california/lemon-grove/solar-permit-guide/,locality-guide,california,ca-san-diego-lemon-grove-sdge,index,https://mygridpermit.com/california/lemon-grove/solar-permit-guide/,true,"Lemon Grove, CA Solar Permit Guide | GridPermit",47,"Lemon Grove, CA solar permit facts: permit authority, utility, fees, and inspection steps — sourced and confidence-scored. Verified 2026-08-08.",143,Lemon Grove Solar Permit Guide,1,28,3,2,false,1118,3,86.7,2026-08-08,1
/california/lemoore/solar-permit-guide/,locality-guide,california,ca-kings-lemoore-pge,index,https://mygridpermit.com/california/lemoore/solar-permit-guide/,true,"Lemoore, CA Solar Permit Guide | GridPermit",43,"Lemoore, CA solar permit facts: permit authority, utility, fees, and inspection steps — sourced and confidence-scored. Verified 2026-08-10.",139,Lemoore Solar Permit Guide,1,27,4,2,false,1221,5,86.7,2026-08-10,1
/california/lincoln/solar-permit-guide/,locality-guide,california,ca-placer-lincoln-pge,index,https://mygridpermit.com/california/lincoln/solar-permit-guide/,true,"Lincoln, CA Solar Permit Guide | GridPermit",43,"Lincoln, CA solar permit facts: permit authority, utility, fees, and inspection steps — sourced and confidence-scored. Verified 2026-08-09.",139,Lincoln Solar Permit Guide,1,27,4,2,false,1063,4,80,2026-08-09,1
/california/livermore/solar-permit-guide/,locality-guide,california,ca-alameda-livermore-pge,index,https://mygridpermit.com/california/livermore/solar-permit-guide/,true,"Livermore, CA Solar Permit Guide | GridPermit",45,"Livermore, CA solar permit facts: permit authority, utility, fees, and inspection steps — sourced and confidence-scored. Verified 2026-08-09.",141,Livermore Solar Permit Guide,1,28,3,2,false,1066,5,80,2026-08-09,1
/california/lodi/solar-permit-guide/,locality-guide,california,ca-san-joaquin-lodi-leu,index,https://mygridpermit.com/california/lodi/solar-permit-guide/,true,"Lodi, CA Solar Permit Guide | GridPermit",40,"Lodi, CA solar permit facts: permit authority, utility, fees, and inspection steps — sourced and confidence-scored. Verified 2026-08-05.",136,Lodi Solar Permit Guide,1,24,5,2,false,1123,1,80,2026-08-05,1
/california/loma-linda/solar-permit-guide/,locality-guide,california,ca-san-bernardino-loma-linda-sce,index,https://mygridpermit.com/california/loma-linda/solar-permit-guide/,true,"Loma Linda, CA Solar Permit Guide | GridPermit",46,"Loma Linda, CA solar permit facts: permit authority, utility, fees, and inspection steps — sourced and confidence-scored. Verified 2026-08-08.",142,Loma Linda Solar Permit Guide,1,28,3,2,false,1090,5,80,2026-08-08,1
/california/lompoc/solar-permit-guide/,locality-guide,california,ca-santa-barbara-lompoc-lu,index,https://mygridpermit.com/california/lompoc/solar-permit-guide/,true,"Lompoc, CA Solar Permit Guide | GridPermit",42,"Lompoc, CA solar permit facts: permit authority, utility, fees, and inspection steps — sourced and confidence-scored. Verified 2026-08-11.",138,Lompoc Solar Permit Guide,1,25,6,2,false,1089,2,86.7,2026-08-11,1
/california/los-angeles/solar-permit-guide/,locality-guide,california,ca-los-angeles-los-angeles-ladwp,index,https://mygridpermit.com/california/los-angeles/solar-permit-guide/,true,"Los Angeles, CA Solar Permit Guide | GridPermit",47,"Los Angeles, CA solar permit facts: permit authority, utility, fees, and inspection steps — sourced and confidence-scored. Verified 2026-08-09.",143,Los Angeles Solar Permit Guide,1,27,2,2,false,1389,3,80,2026-08-09,1
/california/los-banos/solar-permit-guide/,locality-guide,california,ca-merced-los-banos-pge,index,https://mygridpermit.com/california/los-banos/solar-permit-guide/,true,"Los Banos, CA Solar Permit Guide | GridPermit",45,"Los Banos, CA solar permit facts: permit authority, utility, fees, and inspection steps — sourced and confidence-scored. Verified 2026-08-11.",141,Los Banos Solar Permit Guide,1,27,3,2,false,1022,4,80,2026-08-11,1
/california/los-gatos/solar-permit-guide/,locality-guide,california,ca-santa-clara-los-gatos-pge,index,https://mygridpermit.com/california/los-gatos/solar-permit-guide/,true,"Los Gatos, CA Solar Permit Guide | GridPermit",45,"Los Gatos, CA solar permit facts: permit authority, utility, fees, and inspection steps — sourced and confidence-scored. Verified 2026-08-09.",141,Los Gatos Solar Permit Guide,1,28,15,2,false,1145,4,80,2026-08-09,1
/california/madera/solar-permit-guide/,locality-guide,california,ca-madera-madera-pge,index,https://mygridpermit.com/california/madera/solar-permit-guide/,true,"Madera, CA Solar Permit Guide | GridPermit",42,"Madera, CA solar permit facts: permit authority, utility, fees, and inspection steps — sourced and confidence-scored. Verified 2026-08-05.",138,Madera Solar Permit Guide,1,27,3,2,false,1110,5,80,2026-08-05,1
/california/malibu/solar-permit-guide/,locality-guide,california,ca-los-angeles-malibu-sce,index,https://mygridpermit.com/california/malibu/solar-permit-guide/,true,"Malibu, CA Solar Permit Guide | GridPermit",42,"Malibu, CA solar permit facts: permit authority, utility, fees, and inspection steps — sourced and confidence-scored. Verified 2026-08-06.",138,Malibu Solar Permit Guide,1,28,3,2,false,1171,6,80,2026-08-06,1
/california/manhattan-beach/solar-permit-guide/,locality-guide,california,ca-los-angeles-manhattan-beach-sce,index,https://mygridpermit.com/california/manhattan-beach/solar-permit-guide/,true,"Manhattan Beach, CA Solar Permit Guide | GridPermit",51,"Manhattan Beach, CA solar permit facts: permit authority, utility, fees, and inspection steps — sourced and confidence-scored. Verified 2026-08-11.",147,Manhattan Beach Solar Permit Guide,1,28,3,2,false,1493,8,86.7,2026-08-11,1
/california/manteca/solar-permit-guide/,locality-guide,california,ca-san-joaquin-manteca-pge,index,https://mygridpermit.com/california/manteca/solar-permit-guide/,true,"Manteca, CA Solar Permit Guide | GridPermit",43,"Manteca, CA solar permit facts: permit authority, utility, fees, and inspection steps — sourced and confidence-scored. Verified 2026-08-11.",139,Manteca Solar Permit Guide,1,28,6,2,false,1183,5,80,2026-08-11,1
/california/marina/solar-permit-guide/,locality-guide,california,ca-monterey-marina-pge,index,https://mygridpermit.com/california/marina/solar-permit-guide/,true,"Marina, CA Solar Permit Guide | GridPermit",42,"Marina, CA solar permit facts: permit authority, utility, fees, and inspection steps — sourced and confidence-scored. Verified 2026-08-09.",138,Marina Solar Permit Guide,1,28,11,2,false,1127,6,80,2026-08-09,1
/california/martinez/solar-permit-guide/,locality-guide,california,ca-contra-costa-martinez-pge,index,https://mygridpermit.com/california/martinez/solar-permit-guide/,true,"Martinez, CA Solar Permit Guide | GridPermit",44,"Martinez, CA solar permit facts: permit authority, utility, fees, and inspection steps — sourced and confidence-scored. Verified 2026-08-09.",140,Martinez Solar Permit Guide,1,28,3,2,false,1059,4,80,2026-08-09,1
/california/menifee/solar-permit-guide/,locality-guide,california,ca-riverside-menifee-sce,index,https://mygridpermit.com/california/menifee/solar-permit-guide/,true,"Menifee, CA Solar Permit Guide | GridPermit",43,"Menifee, CA solar permit facts: permit authority, utility, fees, and inspection steps — sourced and confidence-scored. Verified 2026-08-09.",139,Menifee Solar Permit Guide,1,28,9,2,false,1149,5,80,2026-08-09,1
/california/menlo-park/solar-permit-guide/,locality-guide,california,ca-san-mateo-menlo-park-pge,index,https://mygridpermit.com/california/menlo-park/solar-permit-guide/,true,"Menlo Park, CA Solar Permit Guide | GridPermit",46,"Menlo Park, CA solar permit facts: permit authority, utility, fees, and inspection steps — sourced and confidence-scored. Verified 2026-08-05.",142,Menlo Park Solar Permit Guide,1,28,9,2,false,1288,6,80,2026-08-05,1
/california/mill-valley/solar-permit-guide/,locality-guide,california,ca-marin-mill-valley-pge,index,https://mygridpermit.com/california/mill-valley/solar-permit-guide/,true,"Mill Valley, CA Solar Permit Guide | GridPermit",47,"Mill Valley, CA solar permit facts: permit authority, utility, fees, and inspection steps — sourced and confidence-scored. Verified 2026-08-09.",143,Mill Valley Solar Permit Guide,1,28,11,2,false,1164,5,80,2026-08-09,1
/california/millbrae/solar-permit-guide/,locality-guide,california,ca-san-mateo-millbrae-pge,index,https://mygridpermit.com/california/millbrae/solar-permit-guide/,true,"Millbrae, CA Solar Permit Guide | GridPermit",44,"Millbrae, CA solar permit facts: permit authority, utility, fees, and inspection steps — sourced and confidence-scored. Verified 2026-08-13.",140,Millbrae Solar Permit Guide,1,28,3,2,false,1306,5,80,2026-08-13,1
/california/milpitas/solar-permit-guide/,locality-guide,california,ca-santa-clara-milpitas-pge,index,https://mygridpermit.com/california/milpitas/solar-permit-guide/,true,"Milpitas, CA Solar Permit Guide | GridPermit",44,"Milpitas, CA solar permit facts: permit authority, utility, fees, and inspection steps — sourced and confidence-scored. Verified 2026-08-03.",140,Milpitas Solar Permit Guide,1,28,15,2,false,1362,7,86.7,2026-08-03,1
/california/mission-viejo/solar-permit-guide/,locality-guide,california,ca-orange-mission-viejo-sce,index,https://mygridpermit.com/california/mission-viejo/solar-permit-guide/,true,"Mission Viejo, CA Solar Permit Guide | GridPermit",49,"Mission Viejo, CA solar permit facts: permit authority, utility, fees, and inspection steps — sourced and confidence-scored. Verified 2026-08-06.",145,Mission Viejo Solar Permit Guide,1,28,3,2,false,1489,7,80,2026-08-06,1
/california/modesto/solar-permit-guide/,locality-guide,california,ca-stanislaus-modesto-mid,index,https://mygridpermit.com/california/modesto/solar-permit-guide/,true,"Modesto, CA Solar Permit Guide | GridPermit",43,"Modesto, CA solar permit facts: permit authority, utility, fees, and inspection steps — sourced and confidence-scored. Verified 2026-08-05.",139,Modesto Solar Permit Guide,1,25,6,2,false,1117,4,80,2026-08-05,1
/california/monrovia/solar-permit-guide/,locality-guide,california,ca-los-angeles-monrovia-sce,index,https://mygridpermit.com/california/monrovia/solar-permit-guide/,true,"Monrovia, CA Solar Permit Guide | GridPermit",44,"Monrovia, CA solar permit facts: permit authority, utility, fees, and inspection steps — sourced and confidence-scored. Verified 2026-08-06.",140,Monrovia Solar Permit Guide,1,28,3,2,false,1246,6,86.7,2026-08-06,1
/california/monte-sereno/solar-permit-guide/,locality-guide,california,ca-santa-clara-monte-sereno-pge,index,https://mygridpermit.com/california/monte-sereno/solar-permit-guide/,true,"Monte Sereno, CA Solar Permit Guide | GridPermit",48,"Monte Sereno, CA solar permit facts: permit authority, utility, fees, and inspection steps — sourced and confidence-scored. Verified 2026-08-08.",144,Monte Sereno Solar Permit Guide,1,28,15,2,false,979,3,80,2026-08-08,1
/california/monterey-park/solar-permit-guide/,locality-guide,california,ca-los-angeles-monterey-park-sce,index,https://mygridpermit.com/california/monterey-park/solar-permit-guide/,true,"Monterey Park, CA Solar Permit Guide | GridPermit",49,"Monterey Park, CA solar permit facts: permit authority, utility, fees, and inspection steps — sourced and confidence-scored. Verified 2026-08-05.",145,Monterey Park Solar Permit Guide,1,28,3,2,false,1483,7,93.3,2026-08-05,1
/california/monterey/solar-permit-guide/,locality-guide,california,ca-monterey-monterey-pge,index,https://mygridpermit.com/california/monterey/solar-permit-guide/,true,"Monterey, CA Solar Permit Guide | GridPermit",44,"Monterey, CA solar permit facts: permit authority, utility, fees, and inspection steps — sourced and confidence-scored. Verified 2026-08-11.",140,Monterey Solar Permit Guide,1,28,11,2,false,1383,6,80,2026-08-11,1
/california/moorpark/solar-permit-guide/,locality-guide,california,ca-ventura-moorpark-sce,index,https://mygridpermit.com/california/moorpark/solar-permit-guide/,true,"Moorpark, CA Solar Permit Guide | GridPermit",44,"Moorpark, CA solar permit facts: permit authority, utility, fees, and inspection steps — sourced and confidence-scored. Verified 2026-08-09.",140,Moorpark Solar Permit Guide,1,28,11,2,false,1039,5,80,2026-08-09,1
/california/moraga/solar-permit-guide/,locality-guide,california,ca-contra-costa-moraga-pge,index,https://mygridpermit.com/california/moraga/solar-permit-guide/,true,"Moraga, CA Solar Permit Guide | GridPermit",42,"Moraga, CA solar permit facts: permit authority, utility, fees, and inspection steps — sourced and confidence-scored. Verified 2026-08-09.",138,Moraga Solar Permit Guide,1,28,3,2,false,1275,5,86.7,2026-08-09,1
/california/moreno-valley/solar-permit-guide/,locality-guide,california,ca-riverside-moreno-valley-sce,index,https://mygridpermit.com/california/moreno-valley/solar-permit-guide/,true,"Moreno Valley, CA Solar Permit Guide | GridPermit",49,"Moreno Valley, CA solar permit facts: permit authority, utility, fees, and inspection steps — sourced and confidence-scored. Verified 2026-08-08.",145,Moreno Valley Solar Permit Guide,1,28,3,2,false,1224,7,80,2026-08-08,1
/california/morgan-hill/solar-permit-guide/,locality-guide,california,ca-santa-clara-morgan-hill-pge,index,https://mygridpermit.com/california/morgan-hill/solar-permit-guide/,true,"Morgan Hill, CA Solar Permit Guide | GridPermit",47,"Morgan Hill, CA solar permit facts: permit authority, utility, fees, and inspection steps — sourced and confidence-scored. Verified 2026-08-09.",143,Morgan Hill Solar Permit Guide,1,28,9,2,false,1124,4,80,2026-08-09,1
/california/morro-bay/solar-permit-guide/,locality-guide,california,ca-san-luis-obispo-morro-bay-pge,index,https://mygridpermit.com/california/morro-bay/solar-permit-guide/,true,"Morro Bay, CA Solar Permit Guide | GridPermit",45,"Morro Bay, CA solar permit facts: permit authority, utility, fees, and inspection steps — sourced and confidence-scored. Verified 2026-08-09.",141,Morro Bay Solar Permit Guide,1,28,9,2,false,1231,5,86.7,2026-08-09,1
/california/mountain-view/solar-permit-guide/,locality-guide,california,ca-santa-clara-mountain-view-pge,index,https://mygridpermit.com/california/mountain-view/solar-permit-guide/,true,"Mountain View, CA Solar Permit Guide | GridPermit",49,"Mountain View, CA solar permit facts: permit authority, utility, fees, and inspection steps — sourced and confidence-scored. Verified 2026-08-09.",145,Mountain View Solar Permit Guide,1,28,3,2,false,1420,4,93.3,2026-08-09,1
/california/murrieta/solar-permit-guide/,locality-guide,california,ca-riverside-murrieta-sce,index,https://mygridpermit.com/california/murrieta/solar-permit-guide/,true,"Murrieta, CA Solar Permit Guide | GridPermit",44,"Murrieta, CA solar permit facts: permit authority, utility, fees, and inspection steps — sourced and confidence-scored. Verified 2026-08-08.",140,Murrieta Solar Permit Guide,1,28,3,2,false,1086,5,80,2026-08-08,1
/california/napa/solar-permit-guide/,locality-guide,california,ca-napa-napa-pge,index,https://mygridpermit.com/california/napa/solar-permit-guide/,true,"Napa, CA Solar Permit Guide | GridPermit",40,"Napa, CA solar permit facts: permit authority, utility, fees, and inspection steps — sourced and confidence-scored. Verified 2026-08-08.",136,Napa Solar Permit Guide,1,28,6,2,false,1083,3,80,2026-08-08,1
/california/national-city/solar-permit-guide/,locality-guide,california,ca-san-diego-national-city-sdge,index,https://mygridpermit.com/california/national-city/solar-permit-guide/,true,"National City, CA Solar Permit Guide | GridPermit",49,"National City, CA solar permit facts: permit authority, utility, fees, and inspection steps — sourced and confidence-scored. Verified 2026-08-09.",145,National City Solar Permit Guide,1,28,3,2,false,1210,5,80,2026-08-09,1
/california/nevada-city/solar-permit-guide/,locality-guide,california,ca-nevada-nevada-city-pge,index,https://mygridpermit.com/california/nevada-city/solar-permit-guide/,true,"Nevada City, CA Solar Permit Guide | GridPermit",47,"Nevada City, CA solar permit facts: permit authority, utility, fees, and inspection steps — sourced and confidence-scored. Verified 2026-08-09.",143,Nevada City Solar Permit Guide,1,27,4,2,false,1163,5,80,2026-08-09,1
/california/newark/solar-permit-guide/,locality-guide,california,ca-alameda-newark-pge,index,https://mygridpermit.com/california/newark/solar-permit-guide/,true,"Newark, CA Solar Permit Guide | GridPermit",42,"Newark, CA solar permit facts: permit authority, utility, fees, and inspection steps — sourced and confidence-scored. Verified 2026-08-09.",138,Newark Solar Permit Guide,1,28,3,2,false,1105,4,80,2026-08-09,1
/california/newport-beach/solar-permit-guide/,locality-guide,california,ca-orange-newport-beach-sce,index,https://mygridpermit.com/california/newport-beach/solar-permit-guide/,true,"Newport Beach, CA Solar Permit Guide | GridPermit",49,"Newport Beach, CA solar permit facts: permit authority, utility, fees, and inspection steps — sourced and confidence-scored. Verified 2026-08-10.",145,Newport Beach Solar Permit Guide,1,28,3,2,false,1503,7,86.7,2026-08-10,1
/california/norco/solar-permit-guide/,locality-guide,california,ca-riverside-norco-sce,index,https://mygridpermit.com/california/norco/solar-permit-guide/,true,"Norco, CA Solar Permit Guide | GridPermit",41,"Norco, CA solar permit facts: permit authority, utility, fees, and inspection steps — sourced and confidence-scored. Verified 2026-08-08.",137,Norco Solar Permit Guide,1,28,3,2,false,1254,6,80,2026-08-08,1
/california/novato/solar-permit-guide/,locality-guide,california,ca-marin-novato-pge,index,https://mygridpermit.com/california/novato/solar-permit-guide/,true,"Novato, CA Solar Permit Guide | GridPermit",42,"Novato, CA solar permit facts: permit authority, utility, fees, and inspection steps — sourced and confidence-scored. Verified 2026-08-09.",138,Novato Solar Permit Guide,1,28,11,2,false,1118,5,86.7,2026-08-09,1
/california/oakdale/solar-permit-guide/,locality-guide,california,ca-stanislaus-oakdale-pge,index,https://mygridpermit.com/california/oakdale/solar-permit-guide/,true,"Oakdale, CA Solar Permit Guide | GridPermit",43,"Oakdale, CA solar permit facts: permit authority, utility, fees, and inspection steps — sourced and confidence-scored. Verified 2026-08-11.",139,Oakdale Solar Permit Guide,1,28,7,2,false,1316,4,80,2026-08-11,1
/california/oakland/solar-permit-guide/,locality-guide,california,ca-alameda-oakland-pge,index,https://mygridpermit.com/california/oakland/solar-permit-guide/,true,"Oakland, CA Solar Permit Guide | GridPermit",43,"Oakland, CA solar permit facts: permit authority, utility, fees, and inspection steps — sourced and confidence-scored. Verified 2026-08-09.",139,Oakland Solar Permit Guide,1,28,3,2,false,1506,7,86.7,2026-08-09,1
/california/oakley/solar-permit-guide/,locality-guide,california,ca-contra-costa-oakley-pge,index,https://mygridpermit.com/california/oakley/solar-permit-guide/,true,"Oakley, CA Solar Permit Guide | GridPermit",42,"Oakley, CA solar permit facts: permit authority, utility, fees, and inspection steps — sourced and confidence-scored. Verified 2026-08-09.",138,Oakley Solar Permit Guide,1,28,3,2,false,1062,4,80,2026-08-09,1
/california/oceanside/solar-permit-guide/,locality-guide,california,ca-san-diego-oceanside-sdge,index,https://mygridpermit.com/california/oceanside/solar-permit-guide/,true,"Oceanside, CA Solar Permit Guide | GridPermit",45,"Oceanside, CA solar permit facts: permit authority, utility, fees, and inspection steps — sourced and confidence-scored. Verified 2026-08-08.",141,Oceanside Solar Permit Guide,1,28,3,2,false,1075,4,80,2026-08-08,1
/california/ojai/solar-permit-guide/,locality-guide,california,ca-ventura-ojai-sce,index,https://mygridpermit.com/california/ojai/solar-permit-guide/,true,"Ojai, CA Solar Permit Guide | GridPermit",40,"Ojai, CA solar permit facts: permit authority, utility, fees, and inspection steps — sourced and confidence-scored. Verified 2026-08-09.",136,Ojai Solar Permit Guide,1,28,11,2,false,1024,5,80,2026-08-09,1
/california/ontario/solar-permit-guide/,locality-guide,california,ca-san-bernardino-ontario-sce,index,https://mygridpermit.com/california/ontario/solar-permit-guide/,true,"Ontario, CA Solar Permit Guide | GridPermit",43,"Ontario, CA solar permit facts: permit authority, utility, fees, and inspection steps — sourced and confidence-scored. Verified 2026-08-11.",139,Ontario Solar Permit Guide,1,28,3,2,false,1208,7,80,2026-08-11,1
/california/orinda/solar-permit-guide/,locality-guide,california,ca-contra-costa-orinda-pge,index,https://mygridpermit.com/california/orinda/solar-permit-guide/,true,"Orinda, CA Solar Permit Guide | GridPermit",42,"Orinda, CA solar permit facts: permit authority, utility, fees, and inspection steps — sourced and confidence-scored. Verified 2026-08-09.",138,Orinda Solar Permit Guide,1,28,3,2,false,1217,4,80,2026-08-09,1
/california/oxnard/solar-permit-guide/,locality-guide,california,ca-ventura-oxnard-sce,index,https://mygridpermit.com/california/oxnard/solar-permit-guide/,true,"Oxnard, CA Solar Permit Guide | GridPermit",42,"Oxnard, CA solar permit facts: permit authority, utility, fees, and inspection steps — sourced and confidence-scored. Verified 2026-08-09.",138,Oxnard Solar Permit Guide,1,28,11,2,false,1219,4,86.7,2026-08-09,1
/california/pacific-grove/solar-permit-guide/,locality-guide,california,ca-monterey-pacific-grove-pge,index,https://mygridpermit.com/california/pacific-grove/solar-permit-guide/,true,"Pacific Grove, CA Solar Permit Guide | GridPermit",49,"Pacific Grove, CA solar permit facts: permit authority, utility, fees, and inspection steps — sourced and confidence-scored. Verified 2026-08-11.",145,Pacific Grove Solar Permit Guide,1,28,11,2,false,1426,5,93.3,2026-08-11,1
/california/palo-alto/solar-permit-guide/,locality-guide,california,ca-santa-clara-palo-alto-cpau,index,https://mygridpermit.com/california/palo-alto/solar-permit-guide/,true,"Palo Alto, CA Solar Permit Guide | GridPermit",45,"Palo Alto, CA solar permit facts: permit authority, utility, fees, and inspection steps — sourced and confidence-scored. Verified 2026-08-10.",141,Palo Alto Solar Permit Guide,1,27,2,2,false,1584,3,86.7,2026-08-10,1
/california/paradise/solar-permit-guide/,locality-guide,california,ca-butte-paradise-pge,index,https://mygridpermit.com/california/paradise/solar-permit-guide/,true,"Paradise, CA Solar Permit Guide | GridPermit",44,"Paradise, CA solar permit facts: permit authority, utility, fees, and inspection steps — sourced and confidence-scored. Verified 2026-08-09.",140,Paradise Solar Permit Guide,1,27,3,2,false,1084,3,80,2026-08-09,1
/california/pasadena/solar-permit-guide/,locality-guide,california,ca-los-angeles-pasadena-pwp,index,https://mygridpermit.com/california/pasadena/solar-permit-guide/,true,"Pasadena, CA Solar Permit Guide | GridPermit",44,"Pasadena, CA solar permit facts: permit authority, utility, fees, and inspection steps — sourced and confidence-scored. Verified 2026-08-01.",140,Pasadena Solar Permit Guide,1,27,2,2,false,1686,7,93.3,2026-08-01,1
/california/paso-robles/solar-permit-guide/,locality-guide,california,ca-san-luis-obispo-paso-robles-pge,index,https://mygridpermit.com/california/paso-robles/solar-permit-guide/,true,"Paso Robles, CA Solar Permit Guide | GridPermit",47,"Paso Robles, CA solar permit facts: permit authority, utility, fees, and inspection steps — sourced and confidence-scored. Verified 2026-08-09.",143,Paso Robles Solar Permit Guide,1,28,9,2,false,1132,4,80,2026-08-09,1
/california/perris/solar-permit-guide/,locality-guide,california,ca-riverside-perris-sce,index,https://mygridpermit.com/california/perris/solar-permit-guide/,true,"Perris, CA Solar Permit Guide | GridPermit",42,"Perris, CA solar permit facts: permit authority, utility, fees, and inspection steps — sourced and confidence-scored. Verified 2026-08-08.",138,Perris Solar Permit Guide,1,28,3,2,false,1176,6,80,2026-08-08,1
/california/petaluma/solar-permit-guide/,locality-guide,california,ca-sonoma-petaluma-pge,index,https://mygridpermit.com/california/petaluma/solar-permit-guide/,true,"Petaluma, CA Solar Permit Guide | GridPermit",44,"Petaluma, CA solar permit facts: permit authority, utility, fees, and inspection steps — sourced and confidence-scored. Verified 2026-08-09.",140,Petaluma Solar Permit Guide,1,28,10,2,false,1194,5,80,2026-08-09,1
/california/pico-rivera/solar-permit-guide/,locality-guide,california,ca-los-angeles-pico-rivera-sce,index,https://mygridpermit.com/california/pico-rivera/solar-permit-guide/,true,"Pico Rivera, CA Solar Permit Guide | GridPermit",47,"Pico Rivera, CA solar permit facts: permit authority, utility, fees, and inspection steps — sourced and confidence-scored. Verified 2026-08-10.",143,Pico Rivera Solar Permit Guide,1,28,3,2,false,1634,7,93.3,2026-08-10,1
/california/pinole/solar-permit-guide/,locality-guide,california,ca-contra-costa-pinole-pge,index,https://mygridpermit.com/california/pinole/solar-permit-guide/,true,"Pinole, CA Solar Permit Guide | GridPermit",42,"Pinole, CA solar permit facts: permit authority, utility, fees, and inspection steps — sourced and confidence-scored. Verified 2026-08-08.",138,Pinole Solar Permit Guide,1,28,3,2,false,1050,3,80,2026-08-08,1
/california/pismo-beach/solar-permit-guide/,locality-guide,california,ca-san-luis-obispo-pismo-beach-pge,index,https://mygridpermit.com/california/pismo-beach/solar-permit-guide/,true,"Pismo Beach, CA Solar Permit Guide | GridPermit",47,"Pismo Beach, CA solar permit facts: permit authority, utility, fees, and inspection steps — sourced and confidence-scored. Verified 2026-08-09.",143,Pismo Beach Solar Permit Guide,1,28,10,2,false,1038,3,80,2026-08-09,1
/california/pittsburg/solar-permit-guide/,locality-guide,california,ca-contra-costa-pittsburg-pge,index,https://mygridpermit.com/california/pittsburg/solar-permit-guide/,true,"Pittsburg, CA Solar Permit Guide | GridPermit",45,"Pittsburg, CA solar permit facts: permit authority, utility, fees, and inspection steps — sourced and confidence-scored. Verified 2026-08-09.",141,Pittsburg Solar Permit Guide,1,28,3,2,false,1112,4,80,2026-08-09,1
/california/placentia/solar-permit-guide/,locality-guide,california,ca-orange-placentia-sce,index,https://mygridpermit.com/california/placentia/solar-permit-guide/,true,"Placentia, CA Solar Permit Guide | GridPermit",45,"Placentia, CA solar permit facts: permit authority, utility, fees, and inspection steps — sourced and confidence-scored. Verified 2026-08-09.",141,Placentia Solar Permit Guide,1,28,3,2,false,1245,6,80,2026-08-09,1
/california/pleasant-hill/solar-permit-guide/,locality-guide,california,ca-contra-costa-pleasant-hill-pge,index,https://mygridpermit.com/california/pleasant-hill/solar-permit-guide/,true,"Pleasant Hill, CA Solar Permit Guide | GridPermit",49,"Pleasant Hill, CA solar permit facts: permit authority, utility, fees, and inspection steps — sourced and confidence-scored. Verified 2026-08-08.",145,Pleasant Hill Solar Permit Guide,1,28,3,2,false,1026,3,80,2026-08-08,1
/california/pleasanton/solar-permit-guide/,locality-guide,california,ca-alameda-pleasanton-pge,index,https://mygridpermit.com/california/pleasanton/solar-permit-guide/,true,"Pleasanton, CA Solar Permit Guide | GridPermit",46,"Pleasanton, CA solar permit facts: permit authority, utility, fees, and inspection steps — sourced and confidence-scored. Verified 2026-08-03.",142,Pleasanton Solar Permit Guide,1,28,3,2,false,1471,6,86.7,2026-08-03,1
/california/pomona/solar-permit-guide/,locality-guide,california,ca-los-angeles-pomona-sce,index,https://mygridpermit.com/california/pomona/solar-permit-guide/,true,"Pomona, CA Solar Permit Guide | GridPermit",42,"Pomona, CA solar permit facts: permit authority, utility, fees, and inspection steps — sourced and confidence-scored. Verified 2026-08-05.",138,Pomona Solar Permit Guide,1,28,3,2,false,1237,6,86.7,2026-08-05,1
/california/porterville/solar-permit-guide/,locality-guide,california,ca-tulare-porterville-pge,index,https://mygridpermit.com/california/porterville/solar-permit-guide/,true,"Porterville, CA Solar Permit Guide | GridPermit",47,"Porterville, CA solar permit facts: permit authority, utility, fees, and inspection steps — sourced and confidence-scored. Verified 2026-08-09.",143,Porterville Solar Permit Guide,1,27,4,2,false,1331,4,80,2026-08-09,1
/california/portola-valley/solar-permit-guide/,locality-guide,california,ca-san-mateo-portola-valley-pge,index,https://mygridpermit.com/california/portola-valley/solar-permit-guide/,true,"Portola Valley, CA Solar Permit Guide | GridPermit",50,"Portola Valley, CA solar permit facts: permit authority, utility, fees, and inspection steps — sourced and confidence-scored. Verified 2026-08-09.",146,Portola Valley Solar Permit Guide,1,28,3,2,false,1160,4,80,2026-08-09,1
/california/poway/solar-permit-guide/,locality-guide,california,ca-san-diego-poway-sdge,index,https://mygridpermit.com/california/poway/solar-permit-guide/,true,"Poway, CA Solar Permit Guide | GridPermit",41,"Poway, CA solar permit facts: permit authority, utility, fees, and inspection steps — sourced and confidence-scored. Verified 2026-08-08.",137,Poway Solar Permit Guide,1,28,3,2,false,1077,3,80,2026-08-08,1
/california/rancho-cordova/solar-permit-guide/,locality-guide,california,ca-sacramento-rancho-cordova-smud,index,https://mygridpermit.com/california/rancho-cordova/solar-permit-guide/,true,"Rancho Cordova, CA Solar Permit Guide | GridPermit",50,"Rancho Cordova, CA solar permit facts: permit authority, utility, fees, and inspection steps — sourced and confidence-scored. Verified 2026-08-11.",146,Rancho Cordova Solar Permit Guide,1,25,6,2,false,1470,5,86.7,2026-08-11,1
/california/rancho-cucamonga/solar-permit-guide/,locality-guide,california,ca-san-bernardino-rancho-cucamonga-sce,index,https://mygridpermit.com/california/rancho-cucamonga/solar-permit-guide/,true,"Rancho Cucamonga, CA Solar Permit Guide | GridPermit",52,"Rancho Cucamonga, CA solar permit facts: permit authority, utility, fees, and inspection steps — sourced and confidence-scored. Verified 2026-08-05.",148,Rancho Cucamonga Solar Permit Guide,1,28,3,2,false,1167,7,80,2026-08-05,1
/california/rancho-santa-margarita/solar-permit-guide/,locality-guide,california,ca-orange-rancho-santa-margarita-sce,index,https://mygridpermit.com/california/rancho-santa-margarita/solar-permit-guide/,true,"Rancho Santa Margarita, CA Solar Permit Guide | GridPermit",58,"Rancho Santa Margarita, CA solar permit facts: permit authority, utility, fees, and inspection steps — sourced and confidence-scored. Verified 2026-08-06.",154,Rancho Santa Margarita Solar Permit Guide,1,28,3,2,false,1249,7,80,2026-08-06,1
/california/redlands/solar-permit-guide/,locality-guide,california,ca-san-bernardino-redlands-sce,index,https://mygridpermit.com/california/redlands/solar-permit-guide/,true,"Redlands, CA Solar Permit Guide | GridPermit",44,"Redlands, CA solar permit facts: permit authority, utility, fees, and inspection steps — sourced and confidence-scored. Verified 2026-08-05.",140,Redlands Solar Permit Guide,1,28,3,2,false,1207,7,80,2026-08-05,1
/california/redondo-beach/solar-permit-guide/,locality-guide,california,ca-los-angeles-redondo-beach-sce,index,https://mygridpermit.com/california/redondo-beach/solar-permit-guide/,true,"Redondo Beach, CA Solar Permit Guide | GridPermit",49,"Redondo Beach, CA solar permit facts: permit authority, utility, fees, and inspection steps — sourced and confidence-scored. Verified 2026-08-06.",145,Redondo Beach Solar Permit Guide,1,28,3,2,false,1288,6,86.7,2026-08-06,1
/california/redwood-city/solar-permit-guide/,locality-guide,california,ca-san-mateo-redwood-city-pge,index,https://mygridpermit.com/california/redwood-city/solar-permit-guide/,true,"Redwood City, CA Solar Permit Guide | GridPermit",48,"Redwood City, CA solar permit facts: permit authority, utility, fees, and inspection steps — sourced and confidence-scored. Verified 2026-08-11.",144,Redwood City Solar Permit Guide,1,28,3,2,false,1484,8,86.7,2026-08-11,1
/california/rialto/solar-permit-guide/,locality-guide,california,ca-san-bernardino-rialto-sce,index,https://mygridpermit.com/california/rialto/solar-permit-guide/,true,"Rialto, CA Solar Permit Guide | GridPermit",42,"Rialto, CA solar permit facts: permit authority, utility, fees, and inspection steps — sourced and confidence-scored. Verified 2026-08-11.",138,Rialto Solar Permit Guide,1,28,3,2,false,1219,6,80,2026-08-11,1
/california/richmond/solar-permit-guide/,locality-guide,california,ca-contra-costa-richmond-pge,index,https://mygridpermit.com/california/richmond/solar-permit-guide/,true,"Richmond, CA Solar Permit Guide | GridPermit",44,"Richmond, CA solar permit facts: permit authority, utility, fees, and inspection steps — sourced and confidence-scored. Verified 2026-08-03.",140,Richmond Solar Permit Guide,1,28,3,2,false,1346,7,80,2026-08-03,1
/california/riverbank/solar-permit-guide/,locality-guide,california,ca-stanislaus-riverbank-pge,index,https://mygridpermit.com/california/riverbank/solar-permit-guide/,true,"Riverbank, CA Solar Permit Guide | GridPermit",45,"Riverbank, CA solar permit facts: permit authority, utility, fees, and inspection steps — sourced and confidence-scored. Verified 2026-08-11.",141,Riverbank Solar Permit Guide,1,28,7,2,false,1105,4,80,2026-08-11,1
/california/riverside/solar-permit-guide/,locality-guide,california,ca-riverside-riverside-rpu,index,https://mygridpermit.com/california/riverside/solar-permit-guide/,true,"Riverside, CA Solar Permit Guide | GridPermit",45,"Riverside, CA solar permit facts: permit authority, utility, fees, and inspection steps — sourced and confidence-scored. Verified 2026-08-08.",141,Riverside Solar Permit Guide,1,27,2,2,false,1164,4,80,2026-08-08,1
/california/rohnert-park/solar-permit-guide/,locality-guide,california,ca-sonoma-rohnert-park-pge,index,https://mygridpermit.com/california/rohnert-park/solar-permit-guide/,true,"Rohnert Park, CA Solar Permit Guide | GridPermit",48,"Rohnert Park, CA solar permit facts: permit authority, utility, fees, and inspection steps — sourced and confidence-scored. Verified 2026-08-09.",144,Rohnert Park Solar Permit Guide,1,28,10,2,false,1154,6,80,2026-08-09,1
/california/rosemead/solar-permit-guide/,locality-guide,california,ca-los-angeles-rosemead-sce,index,https://mygridpermit.com/california/rosemead/solar-permit-guide/,true,"Rosemead, CA Solar Permit Guide | GridPermit",44,"Rosemead, CA solar permit facts: permit authority, utility, fees, and inspection steps — sourced and confidence-scored. Verified 2026-08-05.",140,Rosemead Solar Permit Guide,1,28,3,2,false,1005,5,80,2026-08-05,1
/california/roseville/solar-permit-guide/,locality-guide,california,ca-placer-roseville-re,index,https://mygridpermit.com/california/roseville/solar-permit-guide/,true,"Roseville, CA Solar Permit Guide | GridPermit",45,"Roseville, CA solar permit facts: permit authority, utility, fees, and inspection steps — sourced and confidence-scored. Verified 2026-08-05.",141,Roseville Solar Permit Guide,1,22,3,2,false,1109,1,80,2026-08-05,1
/california/ross/solar-permit-guide/,locality-guide,california,ca-marin-ross-pge,index,https://mygridpermit.com/california/ross/solar-permit-guide/,true,"Ross, CA Solar Permit Guide | GridPermit",40,"Ross, CA solar permit facts: permit authority, utility, fees, and inspection steps — sourced and confidence-scored. Verified 2026-08-09.",136,Ross Solar Permit Guide,1,28,11,2,false,1048,5,80,2026-08-09,1
/california/sacramento/solar-permit-guide/,locality-guide,california,ca-sacramento-sacramento-smud,index,https://mygridpermit.com/california/sacramento/solar-permit-guide/,true,"Sacramento, CA Solar Permit Guide | GridPermit",46,"Sacramento, CA solar permit facts: permit authority, utility, fees, and inspection steps — sourced and confidence-scored. Verified 2026-08-09.",142,Sacramento Solar Permit Guide,1,25,6,2,false,1231,4,80,2026-08-09,1
/california/salinas/solar-permit-guide/,locality-guide,california,ca-monterey-salinas-pge,index,https://mygridpermit.com/california/salinas/solar-permit-guide/,true,"Salinas, CA Solar Permit Guide | GridPermit",43,"Salinas, CA solar permit facts: permit authority, utility, fees, and inspection steps — sourced and confidence-scored. Verified 2026-08-09.",139,Salinas Solar Permit Guide,1,28,9,2,false,1342,7,86.7,2026-08-09,1
/california/san-anselmo/solar-permit-guide/,locality-guide,california,ca-marin-san-anselmo-pge,index,https://mygridpermit.com/california/san-anselmo/solar-permit-guide/,true,"San Anselmo, CA Solar Permit Guide | GridPermit",47,"San Anselmo, CA solar permit facts: permit authority, utility, fees, and inspection steps — sourced and confidence-scored. Verified 2026-08-09.",143,San Anselmo Solar Permit Guide,1,28,9,2,false,1101,5,80,2026-08-09,1
/california/san-bernardino/solar-permit-guide/,locality-guide,california,ca-san-bernardino-san-bernardino-sce,index,https://mygridpermit.com/california/san-bernardino/solar-permit-guide/,true,"San Bernardino, CA Solar Permit Guide | GridPermit",50,"San Bernardino, CA solar permit facts: permit authority, utility, fees, and inspection steps — sourced and confidence-scored. Verified 2026-08-08.",146,San Bernardino Solar Permit Guide,1,28,3,2,false,1153,4,80,2026-08-08,1
/california/san-bruno/solar-permit-guide/,locality-guide,california,ca-san-mateo-san-bruno-pge,index,https://mygridpermit.com/california/san-bruno/solar-permit-guide/,true,"San Bruno, CA Solar Permit Guide | GridPermit",45,"San Bruno, CA solar permit facts: permit authority, utility, fees, and inspection steps — sourced and confidence-scored. Verified 2026-08-09.",141,San Bruno Solar Permit Guide,1,28,3,2,false,1294,6,80,2026-08-09,1
/california/san-carlos/solar-permit-guide/,locality-guide,california,ca-san-mateo-san-carlos-pge,index,https://mygridpermit.com/california/san-carlos/solar-permit-guide/,true,"San Carlos, CA Solar Permit Guide | GridPermit",46,"San Carlos, CA solar permit facts: permit authority, utility, fees, and inspection steps — sourced and confidence-scored. Verified 2026-08-08.",142,San Carlos Solar Permit Guide,1,28,3,2,false,1055,3,80,2026-08-08,1
/california/san-clemente/solar-permit-guide/,locality-guide,california,ca-orange-san-clemente-sdge,index,https://mygridpermit.com/california/san-clemente/solar-permit-guide/,true,"San Clemente, CA Solar Permit Guide | GridPermit",48,"San Clemente, CA solar permit facts: permit authority, utility, fees, and inspection steps — sourced and confidence-scored. Verified 2026-08-06.",144,San Clemente Solar Permit Guide,1,28,3,2,false,1081,4,80,2026-08-06,1
/california/san-diego/solar-permit-guide/,locality-guide,california,ca-san-diego-san-diego-sdge,index,https://mygridpermit.com/california/san-diego/solar-permit-guide/,true,"San Diego, CA Solar Permit Guide | GridPermit",45,"San Diego, CA solar permit facts: permit authority, utility, fees, and inspection steps — sourced and confidence-scored. Verified 2026-08-09.",141,San Diego Solar Permit Guide,1,28,3,2,false,1692,9,86.7,2026-08-09,1
/california/san-dimas/solar-permit-guide/,locality-guide,california,ca-los-angeles-san-dimas-sce,index,https://mygridpermit.com/california/san-dimas/solar-permit-guide/,true,"San Dimas, CA Solar Permit Guide | GridPermit",45,"San Dimas, CA solar permit facts: permit authority, utility, fees, and inspection steps — sourced and confidence-scored. Verified 2026-08-11.",141,San Dimas Solar Permit Guide,1,28,3,2,false,1278,8,80,2026-08-11,1
/california/san-francisco/solar-permit-guide/,locality-guide,california,ca-san-francisco-san-francisco-pge,index,https://mygridpermit.com/california/san-francisco/solar-permit-guide/,true,"San Francisco, CA Solar Permit Guide | GridPermit",49,"San Francisco, CA solar permit facts: permit authority, utility, fees, and inspection steps — sourced and confidence-scored. Verified 2026-08-09.",145,San Francisco Solar Permit Guide,1,27,2,2,false,1166,3,80,2026-08-09,1
/california/san-gabriel/solar-permit-guide/,locality-guide,california,ca-los-angeles-san-gabriel-sce,index,https://mygridpermit.com/california/san-gabriel/solar-permit-guide/,true,"San Gabriel, CA Solar Permit Guide | GridPermit",47,"San Gabriel, CA solar permit facts: permit authority, utility, fees, and inspection steps — sourced and confidence-scored. Verified 2026-08-03.",143,San Gabriel Solar Permit Guide,1,28,3,2,false,1274,6,86.7,2026-08-03,1
/california/san-jacinto/solar-permit-guide/,locality-guide,california,ca-riverside-san-jacinto-sce,index,https://mygridpermit.com/california/san-jacinto/solar-permit-guide/,true,"San Jacinto, CA Solar Permit Guide | GridPermit",47,"San Jacinto, CA solar permit facts: permit authority, utility, fees, and inspection steps — sourced and confidence-scored. Verified 2026-08-08.",143,San Jacinto Solar Permit Guide,1,28,3,2,false,1233,6,80,2026-08-08,1
/california/san-jose/solar-permit-guide/,locality-guide,california,ca-santa-clara-san-jose-pge,index,https://mygridpermit.com/california/san-jose/solar-permit-guide/,true,"San José, CA Solar Permit Guide | GridPermit",44,"San José, CA solar permit facts: permit authority, utility, fees, and inspection steps — sourced and confidence-scored. Verified 2026-08-11.",140,San José Solar Permit Guide,1,28,3,2,false,1496,9,80,2026-08-11,1
/california/san-juan-capistrano/solar-permit-guide/,locality-guide,california,ca-orange-san-juan-capistrano-sdge,index,https://mygridpermit.com/california/san-juan-capistrano/solar-permit-guide/,true,"San Juan Capistrano, CA Solar Permit Guide | GridPermit",55,"San Juan Capistrano, CA solar permit facts: permit authority, utility, fees, and inspection steps — sourced and confidence-scored. Verified 2026-08-06.",151,San Juan Capistrano Solar Permit Guide,1,28,3,2,false,1258,4,80,2026-08-06,1
/california/san-leandro/solar-permit-guide/,locality-guide,california,ca-alameda-san-leandro-pge,index,https://mygridpermit.com/california/san-leandro/solar-permit-guide/,true,"San Leandro, CA Solar Permit Guide | GridPermit",47,"San Leandro, CA solar permit facts: permit authority, utility, fees, and inspection steps — sourced and confidence-scored. Verified 2026-08-03.",143,San Leandro Solar Permit Guide,1,28,3,2,false,1650,6,86.7,2026-08-03,1
/california/san-luis-obispo/solar-permit-guide/,locality-guide,california,ca-san-luis-obispo-san-luis-obispo-pge,index,https://mygridpermit.com/california/san-luis-obispo/solar-permit-guide/,true,"San Luis Obispo, CA Solar Permit Guide | GridPermit",51,"San Luis Obispo, CA solar permit facts: permit authority, utility, fees, and inspection steps — sourced and confidence-scored. Verified 2026-08-09.",147,San Luis Obispo Solar Permit Guide,1,28,9,2,false,1190,4,80,2026-08-09,1
/california/san-marcos/solar-permit-guide/,locality-guide,california,ca-san-diego-san-marcos-sdge,index,https://mygridpermit.com/california/san-marcos/solar-permit-guide/,true,"San Marcos, CA Solar Permit Guide | GridPermit",46,"San Marcos, CA solar permit facts: permit authority, utility, fees, and inspection steps — sourced and confidence-scored. Verified 2026-08-08.",142,San Marcos Solar Permit Guide,1,28,3,2,false,1229,5,80,2026-08-08,1
/california/san-mateo/solar-permit-guide/,locality-guide,california,ca-san-mateo-san-mateo-pge,index,https://mygridpermit.com/california/san-mateo/solar-permit-guide/,true,"San Mateo, CA Solar Permit Guide | GridPermit",45,"San Mateo, CA solar permit facts: permit authority, utility, fees, and inspection steps — sourced and confidence-scored. Verified 2026-08-03.",141,San Mateo Solar Permit Guide,1,28,3,2,false,1500,9,86.7,2026-08-03,1
/california/san-pablo/solar-permit-guide/,locality-guide,california,ca-contra-costa-san-pablo-pge,index,https://mygridpermit.com/california/san-pablo/solar-permit-guide/,true,"San Pablo, CA Solar Permit Guide | GridPermit",45,"San Pablo, CA solar permit facts: permit authority, utility, fees, and inspection steps — sourced and confidence-scored. Verified 2026-08-09.",141,San Pablo Solar Permit Guide,1,28,3,2,false,1469,5,80,2026-08-09,1
/california/san-rafael/solar-permit-guide/,locality-guide,california,ca-marin-san-rafael-pge,index,https://mygridpermit.com/california/san-rafael/solar-permit-guide/,true,"San Rafael, CA Solar Permit Guide | GridPermit",46,"San Rafael, CA solar permit facts: permit authority, utility, fees, and inspection steps — sourced and confidence-scored. Verified 2026-08-09.",142,San Rafael Solar Permit Guide,1,28,3,2,false,1168,5,80,2026-08-09,1
/california/san-ramon/solar-permit-guide/,locality-guide,california,ca-contra-costa-san-ramon-pge,index,https://mygridpermit.com/california/san-ramon/solar-permit-guide/,true,"San Ramon, CA Solar Permit Guide | GridPermit",45,"San Ramon, CA solar permit facts: permit authority, utility, fees, and inspection steps — sourced and confidence-scored. Verified 2026-08-09.",141,San Ramon Solar Permit Guide,1,28,3,2,false,1140,4,80,2026-08-09,1
/california/santa-ana/solar-permit-guide/,locality-guide,california,ca-orange-santa-ana-sce,index,https://mygridpermit.com/california/santa-ana/solar-permit-guide/,true,"Santa Ana, CA Solar Permit Guide | GridPermit",45,"Santa Ana, CA solar permit facts: permit authority, utility, fees, and inspection steps — sourced and confidence-scored. Verified 2026-08-09.",141,Santa Ana Solar Permit Guide,1,28,3,2,false,1291,5,80,2026-08-09,1
/california/santa-barbara/solar-permit-guide/,locality-guide,california,ca-santa-barbara-santa-barbara-sce,index,https://mygridpermit.com/california/santa-barbara/solar-permit-guide/,true,"Santa Barbara, CA Solar Permit Guide | GridPermit",49,"Santa Barbara, CA solar permit facts: permit authority, utility, fees, and inspection steps — sourced and confidence-scored. Verified 2026-08-09.",145,Santa Barbara Solar Permit Guide,1,28,7,2,false,1364,6,80,2026-08-09,1
/california/santa-clara/solar-permit-guide/,locality-guide,california,ca-santa-clara-santa-clara-svp,index,https://mygridpermit.com/california/santa-clara/solar-permit-guide/,true,"Santa Clara, CA Solar Permit Guide | GridPermit",47,"Santa Clara, CA solar permit facts: permit authority, utility, fees, and inspection steps — sourced and confidence-scored. Verified 2026-08-09.",143,Santa Clara Solar Permit Guide,1,27,2,2,false,1106,3,80,2026-08-09,1
/california/santa-cruz/solar-permit-guide/,locality-guide,california,ca-santa-cruz-santa-cruz-pge,index,https://mygridpermit.com/california/santa-cruz/solar-permit-guide/,true,"Santa Cruz, CA Solar Permit Guide | GridPermit",46,"Santa Cruz, CA solar permit facts: permit authority, utility, fees, and inspection steps — sourced and confidence-scored. Verified 2026-08-09.",142,Santa Cruz Solar Permit Guide,1,28,6,2,false,1374,4,86.7,2026-08-09,1
/california/santa-maria/solar-permit-guide/,locality-guide,california,ca-santa-barbara-santa-maria-pge,index,https://mygridpermit.com/california/santa-maria/solar-permit-guide/,true,"Santa Maria, CA Solar Permit Guide | GridPermit",47,"Santa Maria, CA solar permit facts: permit authority, utility, fees, and inspection steps — sourced and confidence-scored. Verified 2026-08-10.",143,Santa Maria Solar Permit Guide,1,28,7,2,false,1215,6,80,2026-08-10,1
/california/santa-monica/solar-permit-guide/,locality-guide,california,ca-los-angeles-santa-monica-sce,index,https://mygridpermit.com/california/santa-monica/solar-permit-guide/,true,"Santa Monica, CA Solar Permit Guide | GridPermit",48,"Santa Monica, CA solar permit facts: permit authority, utility, fees, and inspection steps — sourced and confidence-scored. Verified 2026-08-06.",144,Santa Monica Solar Permit Guide,1,28,3,2,false,1259,6,93.3,2026-08-06,1
/california/santa-paula/solar-permit-guide/,locality-guide,california,ca-ventura-santa-paula-sce,index,https://mygridpermit.com/california/santa-paula/solar-permit-guide/,true,"Santa Paula, CA Solar Permit Guide | GridPermit",47,"Santa Paula, CA solar permit facts: permit authority, utility, fees, and inspection steps — sourced and confidence-scored. Verified 2026-08-09.",143,Santa Paula Solar Permit Guide,1,28,11,2,false,1105,4,80,2026-08-09,1
/california/santa-rosa/solar-permit-guide/,locality-guide,california,ca-sonoma-santa-rosa-pge,index,https://mygridpermit.com/california/santa-rosa/solar-permit-guide/,true,"Santa Rosa, CA Solar Permit Guide | GridPermit",46,"Santa Rosa, CA solar permit facts: permit authority, utility, fees, and inspection steps — sourced and confidence-scored. Verified 2026-08-09.",142,Santa Rosa Solar Permit Guide,1,28,10,2,false,1396,6,86.7,2026-08-09,1
/california/santee/solar-permit-guide/,locality-guide,california,ca-san-diego-santee-sdge,index,https://mygridpermit.com/california/santee/solar-permit-guide/,true,"Santee, CA Solar Permit Guide | GridPermit",42,"Santee, CA solar permit facts: permit authority, utility, fees, and inspection steps — sourced and confidence-scored. Verified 2026-08-08.",138,Santee Solar Permit Guide,1,28,3,2,false,1177,4,80,2026-08-08,1
/california/saratoga/solar-permit-guide/,locality-guide,california,ca-santa-clara-saratoga-pge,index,https://mygridpermit.com/california/saratoga/solar-permit-guide/,true,"Saratoga, CA Solar Permit Guide | GridPermit",44,"Saratoga, CA solar permit facts: permit authority, utility, fees, and inspection steps — sourced and confidence-scored. Verified 2026-08-08.",140,Saratoga Solar Permit Guide,1,28,3,2,false,1005,3,80,2026-08-08,1
/california/scotts-valley/solar-permit-guide/,locality-guide,california,ca-santa-cruz-scotts-valley-pge,index,https://mygridpermit.com/california/scotts-valley/solar-permit-guide/,true,"Scotts Valley, CA Solar Permit Guide | GridPermit",49,"Scotts Valley, CA solar permit facts: permit authority, utility, fees, and inspection steps — sourced and confidence-scored. Verified 2026-08-09.",145,Scotts Valley Solar Permit Guide,1,28,6,2,false,1102,6,80,2026-08-09,1
/california/seal-beach/solar-permit-guide/,locality-guide,california,ca-orange-seal-beach-sce,index,https://mygridpermit.com/california/seal-beach/solar-permit-guide/,true,"Seal Beach, CA Solar Permit Guide | GridPermit",46,"Seal Beach, CA solar permit facts: permit authority, utility, fees, and inspection steps — sourced and confidence-scored. Verified 2026-08-06.",142,Seal Beach Solar Permit Guide,1,28,3,2,false,1351,5,80,2026-08-06,1
/california/seaside/solar-permit-guide/,locality-guide,california,ca-monterey-seaside-pge,index,https://mygridpermit.com/california/seaside/solar-permit-guide/,true,"Seaside, CA Solar Permit Guide | GridPermit",43,"Seaside, CA solar permit facts: permit authority, utility, fees, and inspection steps — sourced and confidence-scored. Verified 2026-08-09.",139,Seaside Solar Permit Guide,1,28,3,2,false,1123,5,86.7,2026-08-09,1
/california/sebastopol/solar-permit-guide/,locality-guide,california,ca-sonoma-sebastopol-pge,index,https://mygridpermit.com/california/sebastopol/solar-permit-guide/,true,"Sebastopol, CA Solar Permit Guide | GridPermit",46,"Sebastopol, CA solar permit facts: permit authority, utility, fees, and inspection steps — sourced and confidence-scored. Verified 2026-08-09.",142,Sebastopol Solar Permit Guide,1,28,10,2,false,1032,4,80,2026-08-09,1
/california/selma/solar-permit-guide/,locality-guide,california,ca-fresno-selma-pge,index,https://mygridpermit.com/california/selma/solar-permit-guide/,true,"Selma, CA Solar Permit Guide | GridPermit",41,"Selma, CA solar permit facts: permit authority, utility, fees, and inspection steps — sourced and confidence-scored. Verified 2026-08-10.",137,Selma Solar Permit Guide,1,27,4,2,false,1053,4,80,2026-08-10,1
/california/shafter/solar-permit-guide/,locality-guide,california,ca-kern-shafter-pge,index,https://mygridpermit.com/california/shafter/solar-permit-guide/,true,"Shafter, CA Solar Permit Guide | GridPermit",43,"Shafter, CA solar permit facts: permit authority, utility, fees, and inspection steps — sourced and confidence-scored. Verified 2026-08-09.",139,Shafter Solar Permit Guide,1,28,7,2,false,1063,4,80,2026-08-09,1
/california/shasta-lake/solar-permit-guide/,locality-guide,california,ca-shasta-shasta-lake-slmu,index,https://mygridpermit.com/california/shasta-lake/solar-permit-guide/,true,"Shasta Lake, CA Solar Permit Guide | GridPermit",47,"Shasta Lake, CA solar permit facts: permit authority, utility, fees, and inspection steps — sourced and confidence-scored. Verified 2026-08-09.",143,Shasta Lake Solar Permit Guide,1,20,1,2,false,1053,1,80,2026-08-09,1
/california/sierra-madre/solar-permit-guide/,locality-guide,california,ca-los-angeles-sierra-madre-sce,index,https://mygridpermit.com/california/sierra-madre/solar-permit-guide/,true,"Sierra Madre, CA Solar Permit Guide | GridPermit",48,"Sierra Madre, CA solar permit facts: permit authority, utility, fees, and inspection steps — sourced and confidence-scored. Verified 2026-08-03.",144,Sierra Madre Solar Permit Guide,1,28,3,2,false,1664,6,80,2026-08-03,1
/california/simi-valley/solar-permit-guide/,locality-guide,california,ca-ventura-simi-valley-sce,index,https://mygridpermit.com/california/simi-valley/solar-permit-guide/,true,"Simi Valley, CA Solar Permit Guide | GridPermit",47,"Simi Valley, CA solar permit facts: permit authority, utility, fees, and inspection steps — sourced and confidence-scored. Verified 2026-08-09.",143,Simi Valley Solar Permit Guide,1,28,9,2,false,1151,4,80,2026-08-09,1
/california/solana-beach/solar-permit-guide/,locality-guide,california,ca-san-diego-solana-beach-sdge,index,https://mygridpermit.com/california/solana-beach/solar-permit-guide/,true,"Solana Beach, CA Solar Permit Guide | GridPermit",48,"Solana Beach, CA solar permit facts: permit authority, utility, fees, and inspection steps — sourced and confidence-scored. Verified 2026-08-08.",144,Solana Beach Solar Permit Guide,1,28,3,2,false,1214,5,80,2026-08-08,1
/california/solar-permit-guides/,locality-directory,,,index,https://mygridpermit.com/california/solar-permit-guides/,true,California Solar Permit Guides by City | GridPermit,51,"Source-linked, confidence-scored solar permitting guides by California city: permit authority, required documents, fees, and eligibility.",137,California Solar Permit Guides,1,302,333,1,false,6469,,,,1
/california/solar-permit-timeline/,static,,,index,https://mygridpermit.com/california/solar-permit-timeline/,true,How Long Does a California Solar Permit Take? | GridPermit,58,"Verified review-timeline data from 173 California cities: same-day SolarAPP+ review vs. standard-path ranges, sourced to each city's own guide.",143,How Long Does a California Solar Permit Take?,1,31,1,2,false,699,,,,3
/california/soledad/solar-permit-guide/,locality-guide,california,ca-monterey-soledad-pge,index,https://mygridpermit.com/california/soledad/solar-permit-guide/,true,"Soledad, CA Solar Permit Guide | GridPermit",43,"Soledad, CA solar permit facts: permit authority, utility, fees, and inspection steps — sourced and confidence-scored. Verified 2026-08-10.",139,Soledad Solar Permit Guide,1,28,3,2,false,1244,5,80,2026-08-10,1
/california/sonoma/solar-permit-guide/,locality-guide,california,ca-sonoma-sonoma-pge,index,https://mygridpermit.com/california/sonoma/solar-permit-guide/,true,"Sonoma, CA Solar Permit Guide | GridPermit",42,"Sonoma, CA solar permit facts: permit authority, utility, fees, and inspection steps — sourced and confidence-scored. Verified 2026-08-08.",138,Sonoma Solar Permit Guide,1,28,9,2,false,1081,3,80,2026-08-08,1
/california/south-el-monte/solar-permit-guide/,locality-guide,california,ca-los-angeles-south-el-monte-sce,index,https://mygridpermit.com/california/south-el-monte/solar-permit-guide/,true,"South El Monte, CA Solar Permit Guide | GridPermit",50,"South El Monte, CA solar permit facts: permit authority, utility, fees, and inspection steps — sourced and confidence-scored. Verified 2026-08-11.",146,South El Monte Solar Permit Guide,1,28,3,2,false,1438,8,86.7,2026-08-11,1
/california/south-san-francisco/solar-permit-guide/,locality-guide,california,ca-san-mateo-south-san-francisco-pge,index,https://mygridpermit.com/california/south-san-francisco/solar-permit-guide/,true,"South San Francisco, CA Solar Permit Guide | GridPermit",55,"South San Francisco, CA solar permit facts: permit authority, utility, fees, and inspection steps — sourced and confidence-scored. Verified 2026-08-05.",151,South San Francisco Solar Permit Guide,1,28,3,2,false,1222,5,80,2026-08-05,1
/california/st-helena/solar-permit-guide/,locality-guide,california,ca-napa-st-helena-pge,index,https://mygridpermit.com/california/st-helena/solar-permit-guide/,true,"St. Helena, CA Solar Permit Guide | GridPermit",46,"St. Helena, CA solar permit facts: permit authority, utility, fees, and inspection steps — sourced and confidence-scored. Verified 2026-08-09.",142,St. Helena Solar Permit Guide,1,28,6,2,false,1158,4,80,2026-08-09,1
/california/stockton/solar-permit-guide/,locality-guide,california,ca-san-joaquin-stockton-pge,index,https://mygridpermit.com/california/stockton/solar-permit-guide/,true,"Stockton, CA Solar Permit Guide | GridPermit",44,"Stockton, CA solar permit facts: permit authority, utility, fees, and inspection steps — sourced and confidence-scored. Verified 2026-08-11.",140,Stockton Solar Permit Guide,1,28,6,2,false,1468,7,86.7,2026-08-11,1
/california/suisun-city/solar-permit-guide/,locality-guide,california,ca-solano-suisun-city-pge,index,https://mygridpermit.com/california/suisun-city/solar-permit-guide/,true,"Suisun City, CA Solar Permit Guide | GridPermit",47,"Suisun City, CA solar permit facts: permit authority, utility, fees, and inspection steps — sourced and confidence-scored. Verified 2026-08-11.",143,Suisun City Solar Permit Guide,1,28,8,2,false,1276,6,86.7,2026-08-11,1
/california/sunnyvale/solar-permit-guide/,locality-guide,california,ca-santa-clara-sunnyvale-pge,index,https://mygridpermit.com/california/sunnyvale/solar-permit-guide/,true,"Sunnyvale, CA Solar Permit Guide | GridPermit",45,"Sunnyvale, CA solar permit facts: permit authority, utility, fees, and inspection steps — sourced and confidence-scored. Verified 2026-08-09.",141,Sunnyvale Solar Permit Guide,1,28,3,2,false,1136,5,80,2026-08-09,1
/california/tehachapi/solar-permit-guide/,locality-guide,california,ca-kern-tehachapi-pge,index,https://mygridpermit.com/california/tehachapi/solar-permit-guide/,true,"Tehachapi, CA Solar Permit Guide | GridPermit",45,"Tehachapi, CA solar permit facts: permit authority, utility, fees, and inspection steps — sourced and confidence-scored. Verified 2026-08-09.",141,Tehachapi Solar Permit Guide,1,28,7,2,false,997,2,80,2026-08-09,1
/california/temecula/solar-permit-guide/,locality-guide,california,ca-riverside-temecula-sce,index,https://mygridpermit.com/california/temecula/solar-permit-guide/,true,"Temecula, CA Solar Permit Guide | GridPermit",44,"Temecula, CA solar permit facts: permit authority, utility, fees, and inspection steps — sourced and confidence-scored. Verified 2026-08-10.",140,Temecula Solar Permit Guide,1,28,3,2,false,1511,6,86.7,2026-08-10,1
/california/temple-city/solar-permit-guide/,locality-guide,california,ca-los-angeles-temple-city-sce,index,https://mygridpermit.com/california/temple-city/solar-permit-guide/,true,"Temple City, CA Solar Permit Guide | GridPermit",47,"Temple City, CA solar permit facts: permit authority, utility, fees, and inspection steps — sourced and confidence-scored. Verified 2026-08-05.",143,Temple City Solar Permit Guide,1,28,3,2,false,1194,6,80,2026-08-05,1
/california/thousand-oaks/solar-permit-guide/,locality-guide,california,ca-ventura-thousand-oaks-sce,index,https://mygridpermit.com/california/thousand-oaks/solar-permit-guide/,true,"Thousand Oaks, CA Solar Permit Guide | GridPermit",49,"Thousand Oaks, CA solar permit facts: permit authority, utility, fees, and inspection steps — sourced and confidence-scored. Verified 2026-08-09.",145,Thousand Oaks Solar Permit Guide,1,28,3,2,false,1251,5,86.7,2026-08-09,1
/california/tiburon/solar-permit-guide/,locality-guide,california,ca-marin-tiburon-pge,index,https://mygridpermit.com/california/tiburon/solar-permit-guide/,true,"Tiburon, CA Solar Permit Guide | GridPermit",43,"Tiburon, CA solar permit facts: permit authority, utility, fees, and inspection steps — sourced and confidence-scored. Verified 2026-08-08.",139,Tiburon Solar Permit Guide,1,28,3,2,false,1040,3,80,2026-08-08,1
/california/torrance/solar-permit-guide/,locality-guide,california,ca-los-angeles-torrance-sce,index,https://mygridpermit.com/california/torrance/solar-permit-guide/,true,"Torrance, CA Solar Permit Guide | GridPermit",44,"Torrance, CA solar permit facts: permit authority, utility, fees, and inspection steps — sourced and confidence-scored. Verified 2026-08-11.",140,Torrance Solar Permit Guide,1,28,3,2,false,1239,8,80,2026-08-11,1
/california/tracy/solar-permit-guide/,locality-guide,california,ca-san-joaquin-tracy-pge,index,https://mygridpermit.com/california/tracy/solar-permit-guide/,true,"Tracy, CA Solar Permit Guide | GridPermit",41,"Tracy, CA solar permit facts: permit authority, utility, fees, and inspection steps — sourced and confidence-scored. Verified 2026-08-05.",137,Tracy Solar Permit Guide,1,28,6,2,false,1357,7,80,2026-08-05,1
/california/truckee/solar-permit-guide/,locality-guide,california,ca-nevada-truckee-tdpud,index,https://mygridpermit.com/california/truckee/solar-permit-guide/,true,"Truckee, CA Solar Permit Guide | GridPermit",43,"Truckee, CA solar permit facts: permit authority, utility, fees, and inspection steps — sourced and confidence-scored. Verified 2026-08-09.",139,Truckee Solar Permit Guide,1,22,3,2,false,1190,2,80,2026-08-09,1
/california/tulare/solar-permit-guide/,locality-guide,california,ca-tulare-tulare-sce,index,https://mygridpermit.com/california/tulare/solar-permit-guide/,true,"Tulare, CA Solar Permit Guide | GridPermit",42,"Tulare, CA solar permit facts: permit authority, utility, fees, and inspection steps — sourced and confidence-scored. Verified 2026-08-11.",138,Tulare Solar Permit Guide,1,27,5,2,false,1272,5,80,2026-08-11,1
/california/turlock/solar-permit-guide/,locality-guide,california,ca-stanislaus-turlock-tid,index,https://mygridpermit.com/california/turlock/solar-permit-guide/,true,"Turlock, CA Solar Permit Guide | GridPermit",43,"Turlock, CA solar permit facts: permit authority, utility, fees, and inspection steps — sourced and confidence-scored. Verified 2026-08-05.",139,Turlock Solar Permit Guide,1,25,7,2,false,1112,2,80,2026-08-05,1
/california/tustin/solar-permit-guide/,locality-guide,california,ca-orange-tustin-sce,index,https://mygridpermit.com/california/tustin/solar-permit-guide/,true,"Tustin, CA Solar Permit Guide | GridPermit",42,"Tustin, CA solar permit facts: permit authority, utility, fees, and inspection steps — sourced and confidence-scored. Verified 2026-08-09.",138,Tustin Solar Permit Guide,1,28,3,2,false,1132,6,80,2026-08-09,1
/california/union-city/solar-permit-guide/,locality-guide,california,ca-alameda-union-city-pge,index,https://mygridpermit.com/california/union-city/solar-permit-guide/,true,"Union City, CA Solar Permit Guide | GridPermit",46,"Union City, CA solar permit facts: permit authority, utility, fees, and inspection steps — sourced and confidence-scored. Verified 2026-08-09.",142,Union City Solar Permit Guide,1,28,3,2,false,1033,4,80,2026-08-09,1
/california/upland/solar-permit-guide/,locality-guide,california,ca-san-bernardino-upland-sce,index,https://mygridpermit.com/california/upland/solar-permit-guide/,true,"Upland, CA Solar Permit Guide | GridPermit",42,"Upland, CA solar permit facts: permit authority, utility, fees, and inspection steps — sourced and confidence-scored. Verified 2026-08-11.",138,Upland Solar Permit Guide,1,28,3,2,false,1256,8,80,2026-08-11,1
/california/utility/pg-e/,utility-hub,california,,index,https://mygridpermit.com/california/utility/pg-e/,true,PG&E Solar Permit Cities in California | GridPermit,51,"138 verified California cities served by PG&E — permit authority per city, plus PG&E's role vs. each city's building department.",128,PG&E Solar Permit Cities,1,153,141,2,false,1485,,,,2
/california/utility/sce/,utility-hub,california,,index,https://mygridpermit.com/california/utility/sce/,true,SCE Solar Permit Cities in California | GridPermit,50,"104 verified California cities served by SCE — permit authority per city, plus SCE's role vs. each city's building department.",126,SCE Solar Permit Cities,1,119,106,2,false,1205,,,,2
/california/utility/sdg-e/,utility-hub,california,,index,https://mygridpermit.com/california/utility/sdg-e/,true,SDG&E Solar Permit Cities in California | GridPermit,52,"21 verified California cities served by SDG&E — permit authority per city, plus SDG&E's role vs. each city's building department.",129,SDG&E Solar Permit Cities,1,36,24,2,false,475,,,,2
/california/utility/smud/,utility-hub,california,,index,https://mygridpermit.com/california/utility/smud/,true,SMUD Solar Permit Cities in California | GridPermit,51,"4 verified California cities served by SMUD — permit authority per city, plus SMUD's role vs. each city's building department.",126,SMUD Solar Permit Cities,1,19,5,2,false,297,,,,2
/california/vacaville/solar-permit-guide/,locality-guide,california,ca-solano-vacaville-pge,index,https://mygridpermit.com/california/vacaville/solar-permit-guide/,true,"Vacaville, CA Solar Permit Guide | GridPermit",45,"Vacaville, CA solar permit facts: permit authority, utility, fees, and inspection steps — sourced and confidence-scored. Verified 2026-08-10.",141,Vacaville Solar Permit Guide,1,28,8,2,false,1222,5,80,2026-08-10,1
/california/vallejo/solar-permit-guide/,locality-guide,california,ca-solano-vallejo-pge,index,https://mygridpermit.com/california/vallejo/solar-permit-guide/,true,"Vallejo, CA Solar Permit Guide | GridPermit",43,"Vallejo, CA solar permit facts: permit authority, utility, fees, and inspection steps — sourced and confidence-scored. Verified 2026-08-09.",139,Vallejo Solar Permit Guide,1,28,8,2,false,1224,4,80,2026-08-09,1
/california/ventura/solar-permit-guide/,locality-guide,california,ca-ventura-ventura-sce,index,https://mygridpermit.com/california/ventura/solar-permit-guide/,true,"Ventura, CA Solar Permit Guide | GridPermit",43,"Ventura, CA solar permit facts: permit authority, utility, fees, and inspection steps — sourced and confidence-scored. Verified 2026-08-09.",139,Ventura Solar Permit Guide,1,28,3,2,false,1048,3,80,2026-08-09,1
/california/visalia/solar-permit-guide/,locality-guide,california,ca-tulare-visalia-sce,index,https://mygridpermit.com/california/visalia/solar-permit-guide/,true,"Visalia, CA Solar Permit Guide | GridPermit",43,"Visalia, CA solar permit facts: permit authority, utility, fees, and inspection steps — sourced and confidence-scored. Verified 2026-08-05.",139,Visalia Solar Permit Guide,1,27,4,2,false,1047,5,80,2026-08-05,1
/california/vista/solar-permit-guide/,locality-guide,california,ca-san-diego-vista-sdge,index,https://mygridpermit.com/california/vista/solar-permit-guide/,true,"Vista, CA Solar Permit Guide | GridPermit",41,"Vista, CA solar permit facts: permit authority, utility, fees, and inspection steps — sourced and confidence-scored. Verified 2026-08-08.",137,Vista Solar Permit Guide,1,28,3,2,false,1116,4,80,2026-08-08,1
/california/walnut-creek/solar-permit-guide/,locality-guide,california,ca-contra-costa-walnut-creek-pge,index,https://mygridpermit.com/california/walnut-creek/solar-permit-guide/,true,"Walnut Creek, CA Solar Permit Guide | GridPermit",48,"Walnut Creek, CA solar permit facts: permit authority, utility, fees, and inspection steps — sourced and confidence-scored. Verified 2026-08-09.",144,Walnut Creek Solar Permit Guide,1,28,3,2,false,1198,5,80,2026-08-09,1
/california/walnut/solar-permit-guide/,locality-guide,california,ca-los-angeles-walnut-sce,index,https://mygridpermit.com/california/walnut/solar-permit-guide/,true,"Walnut, CA Solar Permit Guide | GridPermit",42,"Walnut, CA solar permit facts: permit authority, utility, fees, and inspection steps — sourced and confidence-scored. Verified 2026-08-11.",138,Walnut Solar Permit Guide,1,28,3,2,false,1345,8,80,2026-08-11,1
/california/wasco/solar-permit-guide/,locality-guide,california,ca-kern-wasco-pge,index,https://mygridpermit.com/california/wasco/solar-permit-guide/,true,"Wasco, CA Solar Permit Guide | GridPermit",41,"Wasco, CA solar permit facts: permit authority, utility, fees, and inspection steps — sourced and confidence-scored. Verified 2026-08-11.",137,Wasco Solar Permit Guide,1,28,7,2,false,1135,5,86.7,2026-08-11,1
/california/watsonville/solar-permit-guide/,locality-guide,california,ca-santa-cruz-watsonville-pge,index,https://mygridpermit.com/california/watsonville/solar-permit-guide/,true,"Watsonville, CA Solar Permit Guide | GridPermit",47,"Watsonville, CA solar permit facts: permit authority, utility, fees, and inspection steps — sourced and confidence-scored. Verified 2026-08-09.",143,Watsonville Solar Permit Guide,1,28,6,2,false,1184,5,86.7,2026-08-09,1
/california/west-covina/solar-permit-guide/,locality-guide,california,ca-los-angeles-west-covina-sce,index,https://mygridpermit.com/california/west-covina/solar-permit-guide/,true,"West Covina, CA Solar Permit Guide | GridPermit",47,"West Covina, CA solar permit facts: permit authority, utility, fees, and inspection steps — sourced and confidence-scored. Verified 2026-08-09.",143,West Covina Solar Permit Guide,1,28,3,2,false,1171,5,80,2026-08-09,1
/california/west-hollywood/solar-permit-guide/,locality-guide,california,ca-los-angeles-west-hollywood-sce,index,https://mygridpermit.com/california/west-hollywood/solar-permit-guide/,true,"West Hollywood, CA Solar Permit Guide | GridPermit",50,"West Hollywood, CA solar permit facts: permit authority, utility, fees, and inspection steps — sourced and confidence-scored. Verified 2026-08-11.",146,West Hollywood Solar Permit Guide,1,28,3,2,false,1228,6,80,2026-08-11,1
/california/west-sacramento/solar-permit-guide/,locality-guide,california,ca-yolo-west-sacramento-pge,index,https://mygridpermit.com/california/west-sacramento/solar-permit-guide/,true,"West Sacramento, CA Solar Permit Guide | GridPermit",51,"West Sacramento, CA solar permit facts: permit authority, utility, fees, and inspection steps — sourced and confidence-scored. Verified 2026-08-11.",147,West Sacramento Solar Permit Guide,1,27,4,2,false,1365,6,86.7,2026-08-11,1
/california/westminster/solar-permit-guide/,locality-guide,california,ca-orange-westminster-sce,index,https://mygridpermit.com/california/westminster/solar-permit-guide/,true,"Westminster, CA Solar Permit Guide | GridPermit",47,"Westminster, CA solar permit facts: permit authority, utility, fees, and inspection steps — sourced and confidence-scored. Verified 2026-08-10.",143,Westminster Solar Permit Guide,1,28,3,2,false,1271,7,80,2026-08-10,1
/california/whittier/solar-permit-guide/,locality-guide,california,ca-los-angeles-whittier-sce,index,https://mygridpermit.com/california/whittier/solar-permit-guide/,true,"Whittier, CA Solar Permit Guide | GridPermit",44,"Whittier, CA solar permit facts: permit authority, utility, fees, and inspection steps — sourced and confidence-scored. Verified 2026-08-06.",140,Whittier Solar Permit Guide,1,28,3,2,false,1372,6,86.7,2026-08-06,1
/california/willits/solar-permit-guide/,locality-guide,california,ca-mendocino-willits-pge,index,https://mygridpermit.com/california/willits/solar-permit-guide/,true,"Willits, CA Solar Permit Guide | GridPermit",43,"Willits, CA solar permit facts: permit authority, utility, fees, and inspection steps — sourced and confidence-scored. Verified 2026-08-09.",139,Willits Solar Permit Guide,1,27,2,2,false,1050,4,80,2026-08-09,1
/california/windsor/solar-permit-guide/,locality-guide,california,ca-sonoma-windsor-pge,index,https://mygridpermit.com/california/windsor/solar-permit-guide/,true,"Windsor, CA Solar Permit Guide | GridPermit",43,"Windsor, CA solar permit facts: permit authority, utility, fees, and inspection steps — sourced and confidence-scored. Verified 2026-08-09.",139,Windsor Solar Permit Guide,1,28,3,2,false,1095,5,80,2026-08-09,1
/california/woodland/solar-permit-guide/,locality-guide,california,ca-yolo-woodland-pge,index,https://mygridpermit.com/california/woodland/solar-permit-guide/,true,"Woodland, CA Solar Permit Guide | GridPermit",44,"Woodland, CA solar permit facts: permit authority, utility, fees, and inspection steps — sourced and confidence-scored. Verified 2026-08-05.",140,Woodland Solar Permit Guide,1,27,4,2,false,1058,4,80,2026-08-05,1
/california/woodside/solar-permit-guide/,locality-guide,california,ca-san-mateo-woodside-pge,index,https://mygridpermit.com/california/woodside/solar-permit-guide/,true,"Woodside, CA Solar Permit Guide | GridPermit",44,"Woodside, CA solar permit facts: permit authority, utility, fees, and inspection steps — sourced and confidence-scored. Verified 2026-08-09.",140,Woodside Solar Permit Guide,1,28,3,2,false,1176,5,80,2026-08-09,1
/california/yorba-linda/solar-permit-guide/,locality-guide,california,ca-orange-yorba-linda-sce,index,https://mygridpermit.com/california/yorba-linda/solar-permit-guide/,true,"Yorba Linda, CA Solar Permit Guide | GridPermit",47,"Yorba Linda, CA solar permit facts: permit authority, utility, fees, and inspection steps — sourced and confidence-scored. Verified 2026-08-09.",143,Yorba Linda Solar Permit Guide,1,28,3,2,false,1105,6,80,2026-08-09,1
/california/yountville/solar-permit-guide/,locality-guide,california,ca-napa-yountville-pge,index,https://mygridpermit.com/california/yountville/solar-permit-guide/,true,"Yountville, CA Solar Permit Guide | GridPermit",46,"Yountville, CA solar permit facts: permit authority, utility, fees, and inspection steps — sourced and confidence-scored. Verified 2026-08-09.",142,Yountville Solar Permit Guide,1,28,6,2,false,1088,5,80,2026-08-09,1
/california/yuba-city/solar-permit-guide/,locality-guide,california,ca-sutter-yuba-city-pge,index,https://mygridpermit.com/california/yuba-city/solar-permit-guide/,true,"Yuba City, CA Solar Permit Guide | GridPermit",45,"Yuba City, CA solar permit facts: permit authority, utility, fees, and inspection steps — sourced and confidence-scored. Verified 2026-08-09.",141,Yuba City Solar Permit Guide,1,27,2,2,false,1041,3,80,2026-08-09,1
/california/yucaipa/solar-permit-guide/,locality-guide,california,ca-san-bernardino-yucaipa-sce,index,https://mygridpermit.com/california/yucaipa/solar-permit-guide/,true,"Yucaipa, CA Solar Permit Guide | GridPermit",43,"Yucaipa, CA solar permit facts: permit authority, utility, fees, and inspection steps — sourced and confidence-scored. Verified 2026-08-11.",139,Yucaipa Solar Permit Guide,1,28,3,2,false,1171,7,80,2026-08-11,1
/colorado/,state-hub,colorado,,index,https://mygridpermit.com/colorado/,true,Colorado Solar Permit Guides by City | GridPermit,49,"Source-linked, confidence-scored solar permitting guides by Colorado city: permit authority, required documents, fees, and eligibility.",135,Colorado Solar Permit Guides,1,16,3,2,false,283,,,,2
/colorado/colorado-springs/solar-permit-guide/,locality-guide,colorado,co-el-paso-colorado-springs-csu,index,https://mygridpermit.com/colorado/colorado-springs/solar-permit-guide/,true,"Colorado Springs, CO Solar Permit Guide | GridPermit",52,"Colorado Springs, CO solar permit facts: permit authority, utility, fees, and inspection steps — sourced and confidence-scored. Verified 2026-08-13.",148,Colorado Springs Solar Permit Guide,1,19,1,3,false,1410,3,80,2026-08-13,1
/colorado/denver/solar-permit-guide/,locality-guide,colorado,co-denver-denver-xcel,index,https://mygridpermit.com/colorado/denver/solar-permit-guide/,true,"Denver, CO Solar Permit Guide | GridPermit",42,"Denver, CO solar permit facts: permit authority, utility, fees, and inspection steps — sourced and confidence-scored. Verified 2026-08-13.",138,Denver Solar Permit Guide,1,19,1,3,false,1857,5,86.7,2026-08-13,1
/connecticut/,static,,,index,https://mygridpermit.com/connecticut/,true,Connecticut Solar Permit Guides by City | GridPermit,52,"Source-linked, confidence-scored solar permitting guides by Connecticut city: permit authority, required documents, fees, and eligibility.",138,Connecticut Solar Permit Guides,1,15,2,2,false,246,,,,3
/connecticut/guilford/solar-permit-guide/,static,,,index,https://mygridpermit.com/connecticut/guilford/solar-permit-guide/,true,"Guilford, CT Solar Permit Guide | GridPermit",44,"Guilford, CT solar permit facts: permit authority, utility, fees, and inspection steps — sourced and confidence-scored. Verified 2026-08-13.",140,Guilford Solar Permit Guide,1,19,1,3,false,1574,,,,3
/contact/,static,,,index,https://mygridpermit.com/contact/,true,Contact Us - GridPermit,23,Get in touch with the GridPermit team for educational inquiries or methodology questions.,89,Contact GridPermit,1,7,433,1,false,124,,,,3
/delaware/,state-hub,delaware,,index,https://mygridpermit.com/delaware/,true,Delaware Solar Permit Guides by City | GridPermit,49,"Source-linked, confidence-scored solar permitting guides by Delaware city: permit authority, required documents, fees, and eligibility.",135,Delaware Solar Permit Guides,1,15,2,2,false,256,,,,2
/delaware/new-castle-county/solar-permit-guide/,locality-guide,delaware,de-new-castle-new-castle-county-delmarva,index,https://mygridpermit.com/delaware/new-castle-county/solar-permit-guide/,true,"New Castle County, DE Solar Permit Guide | GridPermit",53,"New Castle County, DE solar permit facts: permit authority, utility, fees, and inspection steps — sourced and confidence-scored. Verified 2026-08-14.",149,New Castle County Solar Permit Guide,1,19,1,3,false,1345,4,80,2026-08-14,1
/florida/,static,,,index,https://mygridpermit.com/florida/,true,Florida Solar Permit Guides by City | GridPermit,48,"Source-linked, confidence-scored solar permitting guides by Florida city: permit authority, required documents, fees, and eligibility.",134,Florida Solar Permit Guides,1,15,2,2,false,255,,,,3
/florida/brevard-county/solar-permit-guide/,static,,,index,https://mygridpermit.com/florida/brevard-county/solar-permit-guide/,true,"Brevard County, FL Solar Permit Guide | GridPermit",50,"Brevard County, FL solar permit facts: permit authority, utility, fees, and inspection steps — sourced and confidence-scored. Verified 2026-08-13.",146,Brevard County Solar Permit Guide,1,19,1,3,false,1213,,,,3
/georgia/,static,,,index,https://mygridpermit.com/georgia/,true,Georgia Solar Permit Guides by City | GridPermit,48,"Source-linked, confidence-scored solar permitting guides by Georgia city: permit authority, required documents, fees, and eligibility.",134,Georgia Solar Permit Guides,1,15,2,2,false,248,,,,3
/georgia/augusta/solar-permit-guide/,static,,,index,https://mygridpermit.com/georgia/augusta/solar-permit-guide/,true,"Augusta, GA Solar Permit Guide | GridPermit",43,"Augusta, GA solar permit facts: permit authority, utility, fees, and inspection steps — sourced and confidence-scored. Verified 2026-08-13.",139,Augusta Solar Permit Guide,1,19,1,3,false,1092,,,,3
/hawaii/,state-hub,hawaii,,index,https://mygridpermit.com/hawaii/,true,Hawaii Solar Permit Guides by City | GridPermit,47,"Source-linked, confidence-scored solar permitting guides by Hawaii city: permit authority, required documents, fees, and eligibility.",133,Hawaii Solar Permit Guides,1,17,4,2,false,299,,,,2
/hawaii/hilo/solar-permit-guide/,locality-guide,hawaii,hi-hawaii-hilo-helco,index,https://mygridpermit.com/hawaii/hilo/solar-permit-guide/,true,"Hilo, HI Solar Permit Guide | GridPermit",40,"Hilo, HI solar permit facts: permit authority, utility, fees, and inspection steps — sourced and confidence-scored. Verified 2026-08-13.",136,Hilo Solar Permit Guide,1,19,1,3,false,1800,4,86.7,2026-08-13,1
/hawaii/honolulu/solar-permit-guide/,locality-guide,hawaii,hi-honolulu-honolulu-heco,index,https://mygridpermit.com/hawaii/honolulu/solar-permit-guide/,true,"Honolulu, HI Solar Permit Guide | GridPermit",44,"Honolulu, HI solar permit facts: permit authority, utility, fees, and inspection steps — sourced and confidence-scored. Verified 2026-08-13.",140,Honolulu Solar Permit Guide,1,19,1,3,false,1283,4,80,2026-08-13,1
/hawaii/kahului/solar-permit-guide/,locality-guide,hawaii,hi-maui-kahului-meco,index,https://mygridpermit.com/hawaii/kahului/solar-permit-guide/,true,"Kahului, HI Solar Permit Guide | GridPermit",43,"Kahului, HI solar permit facts: permit authority, utility, fees, and inspection steps — sourced and confidence-scored. Verified 2026-08-13.",139,Kahului Solar Permit Guide,1,19,1,3,false,1526,5,80,2026-08-13,1
/how-it-works/,static,,,index,https://mygridpermit.com/how-it-works/,true,How It Works - GridPermit,25,"How GridPermit finds and verifies solar permit information for U.S. cities, plus how our California-only savings calculator works.",130,How GridPermit Works,1,9,429,1,false,404,,,,3
/idaho/,static,,,index,https://mygridpermit.com/idaho/,true,Idaho Solar Permit Guides by City | GridPermit,46,"Source-linked, confidence-scored solar permitting guides by Idaho city: permit authority, required documents, fees, and eligibility.",132,Idaho Solar Permit Guides,1,15,2,2,false,248,,,,3
/idaho/boise/solar-permit-guide/,static,,,index,https://mygridpermit.com/idaho/boise/solar-permit-guide/,true,"Boise, ID Solar Permit Guide | GridPermit",41,"Boise, ID solar permit facts: permit authority, utility, fees, and inspection steps — sourced and confidence-scored. Verified 2026-08-13.",137,Boise Solar Permit Guide,1,19,1,3,false,1640,,,,3
/illinois/,static,,,index,https://mygridpermit.com/illinois/,true,Illinois Solar Permit Guides by City | GridPermit,49,"Source-linked, confidence-scored solar permitting guides by Illinois city: permit authority, required documents, fees, and eligibility.",135,Illinois Solar Permit Guides,1,16,3,2,false,272,,,,3
/illinois/chicago/solar-permit-guide/,static,,,index,https://mygridpermit.com/illinois/chicago/solar-permit-guide/,true,"Chicago, IL Solar Permit Guide | GridPermit",43,"Chicago, IL solar permit facts: permit authority, utility, fees, and inspection steps — sourced and confidence-scored. Verified 2026-08-13.",139,Chicago Solar Permit Guide,1,19,1,3,false,1686,,,,3
/illinois/naperville/solar-permit-guide/,static,,,index,https://mygridpermit.com/illinois/naperville/solar-permit-guide/,true,"Naperville, IL Solar Permit Guide | GridPermit",46,"Naperville, IL solar permit facts: permit authority, utility, fees, and inspection steps — sourced and confidence-scored. Verified 2026-08-13.",142,Naperville Solar Permit Guide,1,19,1,3,false,1117,,,,3
/indiana/,static,,,index,https://mygridpermit.com/indiana/,true,Indiana Solar Permit Guides by City | GridPermit,48,"Source-linked, confidence-scored solar permitting guides by Indiana city: permit authority, required documents, fees, and eligibility.",134,Indiana Solar Permit Guides,1,14,1,2,false,267,,,,3
/iowa/,static,,,index,https://mygridpermit.com/iowa/,true,Iowa Solar Permit Guides by City | GridPermit,45,"Source-linked, confidence-scored solar permitting guides by Iowa city: permit authority, required documents, fees, and eligibility.",131,Iowa Solar Permit Guides,1,15,2,2,false,251,,,,3
/iowa/iowa-city/solar-permit-guide/,static,,,index,https://mygridpermit.com/iowa/iowa-city/solar-permit-guide/,true,"Iowa City, IA Solar Permit Guide | GridPermit",45,"Iowa City, IA solar permit facts: permit authority, utility, fees, and inspection steps — sourced and confidence-scored. Verified 2026-08-14.",141,Iowa City Solar Permit Guide,1,19,1,3,false,1545,,,,3
/kansas/,static,,,index,https://mygridpermit.com/kansas/,true,Kansas Solar Permit Guides by City | GridPermit,47,"Source-linked, confidence-scored solar permitting guides by Kansas city: permit authority, required documents, fees, and eligibility.",133,Kansas Solar Permit Guides,1,14,1,2,false,267,,,,3
/kentucky/,static,,,index,https://mygridpermit.com/kentucky/,true,Kentucky Solar Permit Guides by City | GridPermit,49,"Source-linked, confidence-scored solar permitting guides by Kentucky city: permit authority, required documents, fees, and eligibility.",135,Kentucky Solar Permit Guides,1,15,2,2,false,254,,,,3
/kentucky/louisville/solar-permit-guide/,static,,,index,https://mygridpermit.com/kentucky/louisville/solar-permit-guide/,true,"Louisville, KY Solar Permit Guide | GridPermit",46,"Louisville, KY solar permit facts: permit authority, utility, fees, and inspection steps — sourced and confidence-scored. Verified 2026-08-13.",142,Louisville Solar Permit Guide,1,19,1,3,false,1660,,,,3
/louisiana/,static,,,index,https://mygridpermit.com/louisiana/,true,Louisiana Solar Permit Guides by City | GridPermit,50,"Source-linked, confidence-scored solar permitting guides by Louisiana city: permit authority, required documents, fees, and eligibility.",136,Louisiana Solar Permit Guides,1,15,2,2,false,249,,,,3
/louisiana/baton-rouge/solar-permit-guide/,static,,,index,https://mygridpermit.com/louisiana/baton-rouge/solar-permit-guide/,true,"Baton Rouge, LA Solar Permit Guide | GridPermit",47,"Baton Rouge, LA solar permit facts: permit authority, utility, fees, and inspection steps — sourced and confidence-scored. Verified 2026-08-14.",143,Baton Rouge Solar Permit Guide,1,19,1,3,false,1602,,,,3
/maine/,static,,,index,https://mygridpermit.com/maine/,true,Maine Solar Permit Guides by City | GridPermit,46,"Source-linked, confidence-scored solar permitting guides by Maine city: permit authority, required documents, fees, and eligibility.",132,Maine Solar Permit Guides,1,15,2,2,false,253,,,,3
/maine/south-portland/solar-permit-guide/,static,,,index,https://mygridpermit.com/maine/south-portland/solar-permit-guide/,true,"South Portland, ME Solar Permit Guide | GridPermit",50,"South Portland, ME solar permit facts: permit authority, utility, fees, and inspection steps — sourced and confidence-scored. Verified 2026-08-15.",146,South Portland Solar Permit Guide,1,19,1,3,false,1257,,,,3
/maryland/,static,,,index,https://mygridpermit.com/maryland/,true,Maryland Solar Permit Guides by City | GridPermit,49,"Source-linked, confidence-scored solar permitting guides by Maryland city: permit authority, required documents, fees, and eligibility.",135,Maryland Solar Permit Guides,1,15,2,2,false,255,,,,3
/maryland/montgomery-county/solar-permit-guide/,static,,,index,https://mygridpermit.com/maryland/montgomery-county/solar-permit-guide/,true,"Montgomery County, MD Solar Permit Guide | GridPermit",53,"Montgomery County, MD solar permit facts: permit authority, utility, fees, and inspection steps — sourced and confidence-scored. Verified 2026-08-13.",149,Montgomery County Solar Permit Guide,1,19,1,3,false,1266,,,,3
/massachusetts/,static,,,index,https://mygridpermit.com/massachusetts/,true,Massachusetts Solar Permit Guides by City | GridPermit,54,"Source-linked, confidence-scored solar permitting guides by Massachusetts city: permit authority, required documents, fees, and eligibility.",140,Massachusetts Solar Permit Guides,1,15,2,2,false,246,,,,3
/massachusetts/boston/solar-permit-guide/,static,,,index,https://mygridpermit.com/massachusetts/boston/solar-permit-guide/,true,"Boston, MA Solar Permit Guide | GridPermit",42,"Boston, MA solar permit facts: permit authority, utility, fees, and inspection steps — sourced and confidence-scored. Verified 2026-08-14.",138,Boston Solar Permit Guide,1,19,1,3,false,1503,,,,3
/methodology/,static,,,index,https://mygridpermit.com/methodology/,true,Methodology - GridPermit,24,"How GridPermit verifies solar permit guide facts nationwide, and what our California-only savings calculator does and doesn't calculate.",136,GridPermit Methodology,1,8,435,1,false,1077,,,,3
/michigan/,static,,,index,https://mygridpermit.com/michigan/,true,Michigan Solar Permit Guides by City | GridPermit,49,"Source-linked, confidence-scored solar permitting guides by Michigan city: permit authority, required documents, fees, and eligibility.",135,Michigan Solar Permit Guides,1,16,3,2,false,279,,,,3
/michigan/ann-arbor/solar-permit-guide/,static,,,index,https://mygridpermit.com/michigan/ann-arbor/solar-permit-guide/,true,"Ann Arbor, MI Solar Permit Guide | GridPermit",45,"Ann Arbor, MI solar permit facts: permit authority, utility, fees, and inspection steps — sourced and confidence-scored. Verified 2026-08-14.",141,Ann Arbor Solar Permit Guide,1,19,1,3,false,1310,,,,3
/michigan/lansing/solar-permit-guide/,static,,,index,https://mygridpermit.com/michigan/lansing/solar-permit-guide/,true,"Lansing, MI Solar Permit Guide | GridPermit",43,"Lansing, MI solar permit facts: permit authority, utility, fees, and inspection steps — sourced and confidence-scored. Verified 2026-08-14.",139,Lansing Solar Permit Guide,1,19,1,3,false,1255,,,,3
/minnesota/,static,,,index,https://mygridpermit.com/minnesota/,true,Minnesota Solar Permit Guides by City | GridPermit,50,"Source-linked, confidence-scored solar permitting guides by Minnesota city: permit authority, required documents, fees, and eligibility.",136,Minnesota Solar Permit Guides,1,15,2,2,false,249,,,,3
/minnesota/saint-paul/solar-permit-guide/,static,,,index,https://mygridpermit.com/minnesota/saint-paul/solar-permit-guide/,true,"Saint Paul, MN Solar Permit Guide | GridPermit",46,"Saint Paul, MN solar permit facts: permit authority, utility, fees, and inspection steps — sourced and confidence-scored. Verified 2026-08-13.",142,Saint Paul Solar Permit Guide,1,19,1,3,false,1111,,,,3
/mississippi/,static,,,index,https://mygridpermit.com/mississippi/,true,Mississippi Solar Permit Guides by City | GridPermit,52,"Source-linked, confidence-scored solar permitting guides by Mississippi city: permit authority, required documents, fees, and eligibility.",138,Mississippi Solar Permit Guides,1,15,2,2,false,250,,,,3
/mississippi/jackson/solar-permit-guide/,static,,,index,https://mygridpermit.com/mississippi/jackson/solar-permit-guide/,true,"Jackson, MS Solar Permit Guide | GridPermit",43,"Jackson, MS solar permit facts: permit authority, utility, fees, and inspection steps — sourced and confidence-scored. Verified 2026-08-14.",139,Jackson Solar Permit Guide,1,19,1,3,false,1181,,,,3
/missouri/,static,,,index,https://mygridpermit.com/missouri/,true,Missouri Solar Permit Guides by City | GridPermit,49,"Source-linked, confidence-scored solar permitting guides by Missouri city: permit authority, required documents, fees, and eligibility.",135,Missouri Solar Permit Guides,1,14,1,2,false,267,,,,3
/montana/,static,,,index,https://mygridpermit.com/montana/,true,Montana Solar Permit Guides by City | GridPermit,48,"Source-linked, confidence-scored solar permitting guides by Montana city: permit authority, required documents, fees, and eligibility.",134,Montana Solar Permit Guides,1,15,2,2,false,248,,,,3
/montana/billings/solar-permit-guide/,static,,,index,https://mygridpermit.com/montana/billings/solar-permit-guide/,true,"Billings, MT Solar Permit Guide | GridPermit",44,"Billings, MT solar permit facts: permit authority, utility, fees, and inspection steps — sourced and confidence-scored. Verified 2026-08-14.",140,Billings Solar Permit Guide,1,19,1,3,false,1609,,,,3
/nebraska/,static,,,index,https://mygridpermit.com/nebraska/,true,Nebraska Solar Permit Guides by City | GridPermit,49,"Source-linked, confidence-scored solar permitting guides by Nebraska city: permit authority, required documents, fees, and eligibility.",135,Nebraska Solar Permit Guides,1,15,2,2,false,252,,,,3
/nebraska/lincoln/solar-permit-guide/,static,,,index,https://mygridpermit.com/nebraska/lincoln/solar-permit-guide/,true,"Lincoln, NE Solar Permit Guide | GridPermit",43,"Lincoln, NE solar permit facts: permit authority, utility, fees, and inspection steps — sourced and confidence-scored. Verified 2026-08-14.",139,Lincoln Solar Permit Guide,1,19,1,3,false,1563,,,,3
/nevada/,static,,,index,https://mygridpermit.com/nevada/,true,Nevada Solar Permit Guides by City | GridPermit,47,"Source-linked, confidence-scored solar permitting guides by Nevada city: permit authority, required documents, fees, and eligibility.",133,Nevada Solar Permit Guides,1,16,3,2,false,288,,,,3
/nevada/las-vegas/solar-permit-guide/,static,,,index,https://mygridpermit.com/nevada/las-vegas/solar-permit-guide/,true,"Las Vegas, NV Solar Permit Guide | GridPermit",45,"Las Vegas, NV solar permit facts: permit authority, utility, fees, and inspection steps — sourced and confidence-scored. Verified 2026-08-13.",141,Las Vegas Solar Permit Guide,1,19,1,3,false,1468,,,,3
/nevada/washoe-county/solar-permit-guide/,static,,,index,https://mygridpermit.com/nevada/washoe-county/solar-permit-guide/,true,"Washoe County, NV Solar Permit Guide | GridPermit",49,"Washoe County, NV solar permit facts: permit authority, utility, fees, and inspection steps — sourced and confidence-scored. Verified 2026-08-13.",145,Washoe County Solar Permit Guide,1,19,1,3,false,1200,,,,3
/new-hampshire/,static,,,index,https://mygridpermit.com/new-hampshire/,true,New Hampshire Solar Permit Guides by City | GridPermit,54,"Source-linked, confidence-scored solar permitting guides by New Hampshire city: permit authority, required documents, fees, and eligibility.",140,New Hampshire Solar Permit Guides,1,15,2,2,false,251,,,,3
/new-hampshire/lebanon/solar-permit-guide/,static,,,index,https://mygridpermit.com/new-hampshire/lebanon/solar-permit-guide/,true,"Lebanon, NH Solar Permit Guide | GridPermit",43,"Lebanon, NH solar permit facts: permit authority, utility, fees, and inspection steps — sourced and confidence-scored. Verified 2026-08-13.",139,Lebanon Solar Permit Guide,1,19,1,3,false,1057,,,,3
/new-jersey/,static,,,index,https://mygridpermit.com/new-jersey/,true,New Jersey Solar Permit Guides by City | GridPermit,51,"Source-linked, confidence-scored solar permitting guides by New Jersey city: permit authority, required documents, fees, and eligibility.",137,New Jersey Solar Permit Guides,1,16,3,2,false,294,,,,3
/new-jersey/jersey-city/solar-permit-guide/,static,,,index,https://mygridpermit.com/new-jersey/jersey-city/solar-permit-guide/,true,"Jersey City, NJ Solar Permit Guide | GridPermit",47,"Jersey City, NJ solar permit facts: permit authority, utility, fees, and inspection steps — sourced and confidence-scored. Verified 2026-08-14.",143,Jersey City Solar Permit Guide,1,20,2,3,false,1375,,,,3
/new-jersey/newark/solar-permit-guide/,static,,,index,https://mygridpermit.com/new-jersey/newark/solar-permit-guide/,true,"Newark, NJ Solar Permit Guide | GridPermit",42,"Newark, NJ solar permit facts: permit authority, utility, fees, and inspection steps — sourced and confidence-scored. Verified 2026-08-14.",138,Newark Solar Permit Guide,1,20,2,3,false,1456,,,,3
/new-mexico/,state-hub,new-mexico,,index,https://mygridpermit.com/new-mexico/,true,New Mexico Solar Permit Guides by City | GridPermit,51,"Source-linked, confidence-scored solar permitting guides by New Mexico city: permit authority, required documents, fees, and eligibility.",137,New Mexico Solar Permit Guides,1,15,2,2,false,263,,,,2
/new-mexico/albuquerque/solar-permit-guide/,locality-guide,new-mexico,nm-bernalillo-albuquerque-pnm,index,https://mygridpermit.com/new-mexico/albuquerque/solar-permit-guide/,true,"Albuquerque, NM Solar Permit Guide | GridPermit",47,"Albuquerque, NM solar permit facts: permit authority, utility, fees, and inspection steps — sourced and confidence-scored. Verified 2026-08-13.",143,Albuquerque Solar Permit Guide,1,19,1,3,false,1695,3,93.3,2026-08-13,1
/new-york/,static,,,index,https://mygridpermit.com/new-york/,true,New York Solar Permit Guides by City | GridPermit,49,"Source-linked, confidence-scored solar permitting guides by New York city: permit authority, required documents, fees, and eligibility.",135,New York Solar Permit Guides,1,15,2,2,false,267,,,,3
/new-york/new-york-city/solar-permit-guide/,static,,,index,https://mygridpermit.com/new-york/new-york-city/solar-permit-guide/,true,"New York City, NY Solar Permit Guide | GridPermit",49,"New York City, NY solar permit facts: permit authority, utility, fees, and inspection steps — sourced and confidence-scored. Verified 2026-08-14.",145,New York City Solar Permit Guide,1,19,1,3,false,1525,,,,3
/north-carolina/,static,,,index,https://mygridpermit.com/north-carolina/,true,North Carolina Solar Permit Guides by City | GridPermit,55,"Source-linked, confidence-scored solar permitting guides by North Carolina city: permit authority, required documents, fees, and eligibility.",141,North Carolina Solar Permit Guides,1,15,2,2,false,255,,,,3
/north-carolina/raleigh/solar-permit-guide/,static,,,index,https://mygridpermit.com/north-carolina/raleigh/solar-permit-guide/,true,"Raleigh, NC Solar Permit Guide | GridPermit",43,"Raleigh, NC solar permit facts: permit authority, utility, fees, and inspection steps — sourced and confidence-scored. Verified 2026-08-13.",139,Raleigh Solar Permit Guide,1,19,1,3,false,1482,,,,3
/north-dakota/,static,,,index,https://mygridpermit.com/north-dakota/,true,North Dakota Solar Permit Guides by City | GridPermit,53,"Source-linked, confidence-scored solar permitting guides by North Dakota city: permit authority, required documents, fees, and eligibility.",139,North Dakota Solar Permit Guides,1,15,2,2,false,257,,,,3
/north-dakota/fargo/solar-permit-guide/,static,,,index,https://mygridpermit.com/north-dakota/fargo/solar-permit-guide/,true,"Fargo, ND Solar Permit Guide | GridPermit",41,"Fargo, ND solar permit facts: permit authority, utility, fees, and inspection steps — sourced and confidence-scored. Verified 2026-08-14.",137,Fargo Solar Permit Guide,1,19,1,3,false,1658,,,,3
/ohio/,static,,,index,https://mygridpermit.com/ohio/,true,Ohio Solar Permit Guides by City | GridPermit,45,"Source-linked, confidence-scored solar permitting guides by Ohio city: permit authority, required documents, fees, and eligibility.",131,Ohio Solar Permit Guides,1,14,1,2,false,267,,,,3
/oklahoma/,static,,,index,https://mygridpermit.com/oklahoma/,true,Oklahoma Solar Permit Guides by City | GridPermit,49,"Source-linked, confidence-scored solar permitting guides by Oklahoma city: permit authority, required documents, fees, and eligibility.",135,Oklahoma Solar Permit Guides,1,15,2,2,false,256,,,,3
/oklahoma/oklahoma-city/solar-permit-guide/,static,,,index,https://mygridpermit.com/oklahoma/oklahoma-city/solar-permit-guide/,true,"Oklahoma City, OK Solar Permit Guide | GridPermit",49,"Oklahoma City, OK solar permit facts: permit authority, utility, fees, and inspection steps — sourced and confidence-scored. Verified 2026-08-14.",145,Oklahoma City Solar Permit Guide,1,19,1,3,false,1400,,,,3
/oregon/,state-hub,oregon,,index,https://mygridpermit.com/oregon/,true,Oregon Solar Permit Guides by City | GridPermit,47,"Source-linked, confidence-scored solar permitting guides by Oregon city: permit authority, required documents, fees, and eligibility.",133,Oregon Solar Permit Guides,1,16,3,2,false,280,,,,2
/oregon/eugene/solar-permit-guide/,locality-guide,oregon,or-lane-eugene-eweb,index,https://mygridpermit.com/oregon/eugene/solar-permit-guide/,true,"Eugene, OR Solar Permit Guide | GridPermit",42,"Eugene, OR solar permit facts: permit authority, utility, fees, and inspection steps — sourced and confidence-scored. Verified 2026-08-12.",138,Eugene Solar Permit Guide,1,19,1,3,false,1485,3,86.7,2026-08-12,1
/oregon/portland/solar-permit-guide/,locality-guide,oregon,or-multnomah-portland-pge,index,https://mygridpermit.com/oregon/portland/solar-permit-guide/,true,"Portland, OR Solar Permit Guide | GridPermit",44,"Portland, OR solar permit facts: permit authority, utility, fees, and inspection steps — sourced and confidence-scored. Verified 2026-08-13.",140,Portland Solar Permit Guide,1,19,1,3,false,1820,4,86.7,2026-08-13,1
/pennsylvania/,static,,,index,https://mygridpermit.com/pennsylvania/,true,Pennsylvania Solar Permit Guides by City | GridPermit,53,"Source-linked, confidence-scored solar permitting guides by Pennsylvania city: permit authority, required documents, fees, and eligibility.",139,Pennsylvania Solar Permit Guides,1,15,2,2,false,253,,,,3
/pennsylvania/philadelphia/solar-permit-guide/,static,,,index,https://mygridpermit.com/pennsylvania/philadelphia/solar-permit-guide/,true,"Philadelphia, PA Solar Permit Guide | GridPermit",48,"Philadelphia, PA solar permit facts: permit authority, utility, fees, and inspection steps — sourced and confidence-scored. Verified 2026-08-13.",144,Philadelphia Solar Permit Guide,1,19,1,3,false,1551,,,,3
/permits/,static,,,index,https://mygridpermit.com/permits/,true,Solar Permit Guides by State (All 50 States) | GridPermit,57,"Browse GridPermit's solar permit research by state — 44 states have at least one published, source-linked city guide; research is on file for all 50 states.",156,Solar Permit Guides by State,1,56,395,1,false,395,,,,3
/privacy/,static,,,index,https://mygridpermit.com/privacy/,true,Privacy Policy - GridPermit,27,Privacy Policy detailing data handling practices for GridPermit users.,70,Privacy Policy,1,7,428,1,false,85,,,,3
/pro/,static,,,index,https://mygridpermit.com/pro/,true,GridPermit Pro (Coming Soon) - GridPermit,41,"A faster way for solar installers and permit specialists to get AHJ requirements, documents, and fees for every city they work in. Tell us if you'd use it.",155,GridPermit Pro,1,7,430,1,false,268,,,,3
/rhode-island/,state-hub,rhode-island,,index,https://mygridpermit.com/rhode-island/,true,Rhode Island Solar Permit Guides by City | GridPermit,53,"Source-linked, confidence-scored solar permitting guides by Rhode Island city: permit authority, required documents, fees, and eligibility.",139,Rhode Island Solar Permit Guides,1,15,2,2,false,255,,,,2
/rhode-island/providence/solar-permit-guide/,locality-guide,rhode-island,ri-providence-providence-rie,index,https://mygridpermit.com/rhode-island/providence/solar-permit-guide/,true,"Providence, RI Solar Permit Guide | GridPermit",46,"Providence, RI solar permit facts: permit authority, utility, fees, and inspection steps — sourced and confidence-scored. Verified 2026-08-14.",142,Providence Solar Permit Guide,1,19,1,3,false,1383,7,80,2026-08-14,1
/search/,search,,,index,https://mygridpermit.com/search/,true,Search | GridPermit,19,"Search GridPermit's California solar permit guides, blog, and methodology.",74,Search GridPermit,1,13,427,1,false,262,,,,2
/south-carolina/,static,,,index,https://mygridpermit.com/south-carolina/,true,South Carolina Solar Permit Guides by City | GridPermit,55,"Source-linked, confidence-scored solar permitting guides by South Carolina city: permit authority, required documents, fees, and eligibility.",141,South Carolina Solar Permit Guides,1,15,2,2,false,253,,,,3
/south-carolina/sumter/solar-permit-guide/,static,,,index,https://mygridpermit.com/south-carolina/sumter/solar-permit-guide/,true,"Sumter, SC Solar Permit Guide | GridPermit",42,"Sumter, SC solar permit facts: permit authority, utility, fees, and inspection steps — sourced and confidence-scored. Verified 2026-08-13.",138,Sumter Solar Permit Guide,1,19,1,3,false,1303,,,,3
/south-dakota/,static,,,index,https://mygridpermit.com/south-dakota/,true,South Dakota Solar Permit Guides by City | GridPermit,53,"Source-linked, confidence-scored solar permitting guides by South Dakota city: permit authority, required documents, fees, and eligibility.",139,South Dakota Solar Permit Guides,1,14,1,2,false,273,,,,3
/tennessee/,static,,,index,https://mygridpermit.com/tennessee/,true,Tennessee Solar Permit Guides by City | GridPermit,50,"Source-linked, confidence-scored solar permitting guides by Tennessee city: permit authority, required documents, fees, and eligibility.",136,Tennessee Solar Permit Guides,1,15,2,2,false,252,,,,3
/tennessee/nashville/solar-permit-guide/,static,,,index,https://mygridpermit.com/tennessee/nashville/solar-permit-guide/,true,"Nashville, TN Solar Permit Guide | GridPermit",45,"Nashville, TN solar permit facts: permit authority, utility, fees, and inspection steps — sourced and confidence-scored. Verified 2026-08-13.",141,Nashville Solar Permit Guide,1,19,1,3,false,1326,,,,3
/terms/,static,,,index,https://mygridpermit.com/terms/,true,Terms of Service - GridPermit,29,Terms of Service for GridPermit independent educational and referral tools.,75,Terms of Service,1,8,428,1,false,224,,,,3
/texas/,static,,,index,https://mygridpermit.com/texas/,true,Texas Solar Permit Guides by City | GridPermit,46,"Source-linked, confidence-scored solar permitting guides by Texas city: permit authority, required documents, fees, and eligibility.",132,Texas Solar Permit Guides,1,15,2,2,false,248,,,,3
/texas/austin/solar-permit-guide/,static,,,index,https://mygridpermit.com/texas/austin/solar-permit-guide/,true,"Austin, TX Solar Permit Guide | GridPermit",42,"Austin, TX solar permit facts: permit authority, utility, fees, and inspection steps — sourced and confidence-scored. Verified 2026-08-14.",138,Austin Solar Permit Guide,1,19,1,3,false,1670,,,,3
/utah/,static,,,index,https://mygridpermit.com/utah/,true,Utah Solar Permit Guides by City | GridPermit,45,"Source-linked, confidence-scored solar permitting guides by Utah city: permit authority, required documents, fees, and eligibility.",131,Utah Solar Permit Guides,1,15,2,2,false,252,,,,3
/utah/salt-lake-city/solar-permit-guide/,static,,,index,https://mygridpermit.com/utah/salt-lake-city/solar-permit-guide/,true,"Salt Lake City, UT Solar Permit Guide | GridPermit",50,"Salt Lake City, UT solar permit facts: permit authority, utility, fees, and inspection steps — sourced and confidence-scored. Verified 2026-08-13.",146,Salt Lake City Solar Permit Guide,1,19,1,3,false,1290,,,,3
/vermont/,state-hub,vermont,,index,https://mygridpermit.com/vermont/,true,Vermont Solar Permit Guides by City | GridPermit,48,"Source-linked, confidence-scored solar permitting guides by Vermont city: permit authority, required documents, fees, and eligibility.",134,Vermont Solar Permit Guides,1,15,2,2,false,253,,,,2
/vermont/vermont-statewide/solar-permit-guide/,locality-guide,vermont,vt-statewide-vermont-gmp,index,https://mygridpermit.com/vermont/vermont-statewide/solar-permit-guide/,true,"Vermont (Statewide), VT Solar Permit Guide | GridPermit",55,"Vermont (Statewide), VT solar permit facts: permit authority, utility, fees, and inspection steps — sourced and confidence-scored. Verified 2026-08-14.",151,Vermont (Statewide) Solar Permit Guide,1,19,1,3,false,1467,5,80,2026-08-14,1
/virginia/,static,,,index,https://mygridpermit.com/virginia/,true,Virginia Solar Permit Guides by City | GridPermit,49,"Source-linked, confidence-scored solar permitting guides by Virginia city: permit authority, required documents, fees, and eligibility.",135,Virginia Solar Permit Guides,1,15,2,2,false,251,,,,3
/virginia/loudoun-county/solar-permit-guide/,static,,,index,https://mygridpermit.com/virginia/loudoun-county/solar-permit-guide/,true,"Loudoun County, VA Solar Permit Guide | GridPermit",50,"Loudoun County, VA solar permit facts: permit authority, utility, fees, and inspection steps — sourced and confidence-scored. Verified 2026-08-13.",146,Loudoun County Solar Permit Guide,1,19,1,3,false,1139,,,,3
/washington/,static,,,index,https://mygridpermit.com/washington/,true,Washington Solar Permit Guides by City | GridPermit,51,"Source-linked, confidence-scored solar permitting guides by Washington city: permit authority, required documents, fees, and eligibility.",137,Washington Solar Permit Guides,1,15,2,2,false,252,,,,3
/washington/seattle/solar-permit-guide/,static,,,index,https://mygridpermit.com/washington/seattle/solar-permit-guide/,true,"Seattle, WA Solar Permit Guide | GridPermit",43,"Seattle, WA solar permit facts: permit authority, utility, fees, and inspection steps — sourced and confidence-scored. Verified 2026-08-13.",139,Seattle Solar Permit Guide,1,19,1,3,false,1482,,,,3
/west-virginia/,static,,,index,https://mygridpermit.com/west-virginia/,true,West Virginia Solar Permit Guides by City | GridPermit,54,"Source-linked, confidence-scored solar permitting guides by West Virginia city: permit authority, required documents, fees, and eligibility.",140,West Virginia Solar Permit Guides,1,15,2,2,false,258,,,,3
/west-virginia/charleston/solar-permit-guide/,static,,,index,https://mygridpermit.com/west-virginia/charleston/solar-permit-guide/,true,"Charleston, WV Solar Permit Guide | GridPermit",46,"Charleston, WV solar permit facts: permit authority, utility, fees, and inspection steps — sourced and confidence-scored. Verified 2026-08-14.",142,Charleston Solar Permit Guide,1,19,1,3,false,1786,,,,3
/wisconsin/,static,,,index,https://mygridpermit.com/wisconsin/,true,Wisconsin Solar Permit Guides by City | GridPermit,50,"Source-linked, confidence-scored solar permitting guides by Wisconsin city: permit authority, required documents, fees, and eligibility.",136,Wisconsin Solar Permit Guides,1,16,3,2,false,274,,,,3
/wisconsin/madison/solar-permit-guide/,static,,,index,https://mygridpermit.com/wisconsin/madison/solar-permit-guide/,true,"Madison, WI Solar Permit Guide | GridPermit",43,"Madison, WI solar permit facts: permit authority, utility, fees, and inspection steps — sourced and confidence-scored. Verified 2026-08-13.",139,Madison Solar Permit Guide,1,19,1,3,false,1280,,,,3
/wisconsin/wauwatosa/solar-permit-guide/,static,,,index,https://mygridpermit.com/wisconsin/wauwatosa/solar-permit-guide/,true,"Wauwatosa, WI Solar Permit Guide | GridPermit",45,"Wauwatosa, WI solar permit facts: permit authority, utility, fees, and inspection steps — sourced and confidence-scored. Verified 2026-08-13.",141,Wauwatosa Solar Permit Guide,1,19,1,3,false,1196,,,,3
/wyoming/,static,,,index,https://mygridpermit.com/wyoming/,true,Wyoming Solar Permit Guides by City | GridPermit,48,"Source-linked, confidence-scored solar permitting guides by Wyoming city: permit authority, required documents, fees, and eligibility.",134,Wyoming Solar Permit Guides,1,14,1,2,false,267,,,,3
